Zila,Janpad,Upyantri,Panchayat Name,Work Code,Work Name,Work Status,Sanction Amount Total,Amount Booked Since Inception Wages,Amount Booked Since Inception Material,Amount Booked Current FY Wages,Amount Booked Current FY Material,Previous Mandays,Mandays Generated Current FY,Total Mandays,Overall Expenditure %,Expenditure Bucket
MAIHAR,AMARPATAN,सत्यनारायण मिश्रा,AMIN,1712006016/IF/22012035604004,एक बगिया माँ के नाम हितग्राही रानी बाई कुशवाहा /केशव प्रसाद कुशवाहा ग्रा0पंचा0आमिन,Ongoing,163848,5742.0,29015.71,0.0,0,23,0,23,21.21338679751965,21-30% expenditure
MAIHAR,AMARPATAN,सत्यनारायण मिश्रा,AMIN,1712006016/IF/22012035597000,एक बगिया माँ के नाम हितग्राही कलावती सिंह / बृजलाल सिंह ग्राम अमिन ग्राम पं अमिन,Ongoing,266760,3132.0,0.0,0.0,0,12,0,12,1.174089068825911,1-4% expenditure
MAIHAR,AMARPATAN,सत्यनारायण मिश्रा,AMIN,1712006016/IF/22012035599125,एक बगिया माँ के नाम हितग्राही सुनीता कुशवाहा /राजकुमार कुशवाहा ग्राम अमिन ग्राम पं अमिन,Ongoing,175752,3132.0,0.0,0.0,0,12,0,12,1.7820565342072923,1-4% expenditure
MAIHAR,AMARPATAN,सत्यनारायण मिश्रा,AMIN,1712006016/IF/22012035599145,एक बगिया माँ के नाम हितग्राही चंद्रवती कुशवाहा / कामता कुशवाहा ग्राम अमिन ग्राम पं अमिन,Ongoing,176453,3132.0,0.0,0.0,0,12,0,12,1.7749769060316345,1-4% expenditure
MAIHAR,AMARPATAN,सत्यनारायण मिश्रा,AMIN,1712006016/IF/22012035599174,एक बगिया माँ के नाम हितग्राही प्रेमवती कुशवाहा / जगदीश कुशवाहा ग्राम अमिन ग्राम पं अमिन,Ongoing,176364,1305.0,0.0,0.0,0,5,0,5,0.7399469279444785,1-4% expenditure
MAIHAR,AMARPATAN,अश्वनी पटेल,BARREHBADA,1712006045/IF/22012035614715,एक बगिया माँ के नाम हितग्राही श्रीमती वंदना सिंह / सामंत सिंह ग्राम पं बर्रेहबडा,Ongoing,171854,13311.0,0.0,0.0,0,55,0,55,7.745528180897739,5-10% expenditure
MAIHAR,AMARPATAN,अश्वनी पटेल,BARREHBADA,1712006045/IF/22012035611639,एक बगिया माँ के नाम हितग्राही रेखा चौरसिया /नीलम प्रसाद (पवनSHG ID107475 ) ग्रा0पंचा0बर्रेहबडा,Ongoing,160765,261.0,0.0,0.0,0,1,0,1,0.16234876994370664,1-4% expenditure
MAIHAR,AMARPATAN,सुनील मिश्रा,BELA,1712006059/IF/22012035604031,एक बगिया माँ के नाम हितग्राही गायत्री पाठक /छत्रपति पाठक (अनामिका SHG बेला 4085305) ग्राम पंचा बेला,Ongoing,263350,23751.0,54733.24,0.0,0,91,0,91,29.802255553445985,21-30% expenditure
MAIHAR,AMARPATAN,सुनील मिश्रा,BELA,1712006059/IF/22012035615655,एक बगिया माँ के नाम हितग्राही पुष्पा चतुर्वेदी /मनोज कुमार चतुर्वेदी ग्राम पंचायत बेला,Ongoing,269569,1566.0,0.0,0.0,0,6,0,6,0.5809273321487263,1-4% expenditure
MAIHAR,AMARPATAN,सुनील मिश्रा,BELA,1712006059/IF/22012035618242,एक बगिया माँ के नाम हितग्राही निर्मला द्विवेदी/संदीपकुमारद्विवेदी(लक्ष्मीSHG ID981938)ग्रा0पंचा0बेला,Ongoing,268165,5481.0,0.0,0.0,0,21,0,21,2.043890888072642,1-4% expenditure
MAIHAR,AMARPATAN,श्रीमती साधना चौरे,BHADRA,1712006007/IF/22012035610804,एक बगिया माँ के नाम हितग्राही सविता गुप्ता / विजय गुप्ता ग्राम पं भड़रा,Ongoing,160910,3532.0,0.0,0.0,0,16,0,16,2.195015847368094,1-4% expenditure
MAIHAR,AMARPATAN,श्रीमती साधना चौरे,BHADRA,1712006007/IF/22012035622137,एक बगिया माँ के नाम हितग्राही विनय कुमारी कुशवाहा/ सुरेन्द्र कुशवाहा (वृंदा SHG ) ग्राम पं भड़रा,Ongoing,163848,2044.0,0.0,0.0,0,14,0,14,1.2474976807773057,1-4% expenditure
MAIHAR,AMARPATAN,श्रीमती साधना चौरे,BHADRA,1712006007/IF/22012035622148,एक बगिया माँ के नाम हितग्राही सावित्री देवी कुशवाहा/ रामगोपाल कुशवाहा (वृंदा SHG ) ग्राम पं भड़रा,Ongoing,163848,3609.97,0.0,0.0,0,16,0,16,2.203243249841316,1-4% expenditure
MAIHAR,AMARPATAN,श्रीमती साधना चौरे,BHADRA,1712006007/IF/22012035622130,एक बगिया माँ के नाम हितग्राही बुटान कुशवाहा /सुशील कुमार कुशवाहा ग्राम पं भड़रा,Ongoing,160910,1783.0,0.0,0.0,0,8,0,8,1.1080728357466907,1-4% expenditure
MAIHAR,AMARPATAN,श्रीमती साधना चौरे,BHICHHIYAKHURD,1712006010/IF/22012035622172,एक बगिया माँ के नाम हितग्राही प्रभा वती शुक्ला/नरेन्द्र प्रसाद(शिव शक्ति SHG3808698 )ग्रापं बिछिय,Ongoing,160910,261.0,0.0,0.0,0,1,0,1,0.16220247343235347,1-4% expenditure
MAIHAR,AMARPATAN,श्रीमती साधना चौरे,BHICHHIYAKHURD,1712006010/IF/22012035614825,एक बगिया माँ के नाम हितग्राही पूजा त्रिपाठी( चतुर्वेदी) / आदर्श चतुर्वेदी ग्राम पं बिछिया खुर्द,Ongoing,165801,1827.0,38846.21,0.0,0,7,0,7,24.531341789253382,21-30% expenditure
MAIHAR,AMARPATAN,श्रीमती साधना चौरे,BHICHHIYAKHURD,1712006010/IF/22012035614836,एक बगिया माँ के नाम हितग्राही प्रभा देवी चतुर्वेदी /विजय कुमार चतुर्वेदी ग्राम पं बिछिया खुर्द,Ongoing,160910,261.0,0.0,0.0,0,1,0,1,0.16220247343235347,1-4% expenditure
MAIHAR,AMARPATAN,श्रीमती साधना चौरे,BHICHHIYAKHURD,1712006010/IF/22012035607313,एक बगिया माँ के नाम हितग्राही ममता तिवारी/ शिव शंकर तिवारी( शिवशंकरSHG ID 6472232)ग्रापं बिछियाखुर्द,Ongoing,160910,522.0,0.0,0.0,0,2,0,2,0.32440494686470694,1-4% expenditure
MAIHAR,AMARPATAN,श्रीमती साधना चौरे,BHICHHIYAKHURD,1712006010/IF/22012035616717,एक बगिया माँ के नामहितग्राही शीला केवट /सुखनिधान केवट ग्राम कुशमहट ग्रा0पंचा0बिछियाखुर्द,Ongoing,161710,522.0,0.0,0.0,0,2,0,2,0.3228000742069136,1-4% expenditure
MAIHAR,AMARPATAN,श्रीमती साधना चौरे,BHICHHIYAKHURD,1712006010/IF/22012035626742,एक बगिया माँ के नाम हितग्राही आशा देवी केवट/गेबी प्रसाद केवट ग्राम कुशमहट ग्रा0पंचा0बिछियाखुर्द,Ongoing,160910,261.0,0.0,0.0,0,1,0,1,0.16220247343235347,1-4% expenditure
MAIHAR,AMARPATAN,श्रीमती साधना चौरे,BHICHHIYAKHURD,1712006010/IF/22012035614224,एक बगिया माँ के नाम हितग्राही सरोज चतुर्वेदी /श्यामलाल चतुर्वेदी ग्राम पं बिछियाखुर्द,Ongoing,162443,261.0,0.0,0.0,0,1,0,1,0.16067174331919504,1-4% expenditure
MAIHAR,AMARPATAN,श्रीमती साधना चौरे,BHICHHIYAKHURD,1712006010/IF/22012035622435,एक बगिया माँ के नाम हितग्राही ममता चतुर्वेदी/संतोष चतुर्वेदी ग्रा0पंचा0 बिछियाखुर्द,Ongoing,161396,261.0,0.0,0.0,0,1,0,1,0.1617140449577437,1-4% expenditure
MAIHAR,AMARPATAN,अश्वनी पटेल,BHISHAMPUR,1712006046/IF/22012035626727,एक बगिया माँ के नाम हितग्राही शांति पटेल/दीन बन्दु पटेल ग्राम पंचायत भीषमपुर,Ongoing,161688,0.0,0.0,0.0,0,0,0,0,0.0,0% expenditure
MAIHAR,AMARPATAN,अश्वनी पटेल,BHISHAMPUR,1712006046/IF/22012035626860,एक बगिया माँ के नाम हितग्राही झल्ली बाई लोनी/अशोक लोनी ग्रा0पंचा0 भीषमपुर,Ongoing,161688,0.0,0.0,0.0,0,0,0,0,0.0,0% expenditure
MAIHAR,AMARPATAN,अश्वनी पटेल,BHISHAMPUR,1712006046/IF/22012035612173,एक बगिया माँ के नाम हितग्राही तारा सिंह/राजबहोरन सिंह (आयुषी SHG 5201147 ) ग्रा0पंचा0भीषमपुर,Ongoing,263693,26361.0,61993.48,4698.0,0,77,24,101,33.506570140276764,>30% expenditure
MAIHAR,AMARPATAN,अश्वनी पटेल,BHISHAMPUR,1712006046/IF/22012035617256,एक बगिया माँ के नाम हितग्राही उर्मिला सिंह /राजबहादुर सिंह(आयुषी SHG ID 4566338 ) ग्रा0पंचा0भीषमपुर,Ongoing,263693,35496.0,58993.48,9396.0,0,88,48,136,35.83313929455845,>30% expenditure
MAIHAR,AMARPATAN,अश्वनी पटेल,BHISHAMPUR,1712006046/IF/22012035622611,एक बगिया माँ के नाम हितग्राही दीपा सिंह /विनेन्द्र(आयुषी SHG ID 4237218) ग्रा0प भीषमपुर,Ongoing,163156,30798.0,53943.35,4698.0,0,94,24,118,51.938849935031506,>30% expenditure
MAIHAR,AMARPATAN,अश्वनी पटेल,BHISHAMPUR,1712006046/IF/22012035658548,एक बगिया माँ के नाम हितग्राही शांता सिंह /महेंद्र सिंह (आयुषीSHG ID4237223 )ग्राम पंचायत भीषमपुर,Ongoing,163848,0.0,0.0,0.0,0,0,0,0,0.0,0% expenditure
MAIHAR,AMARPATAN,अश्वनी पटेल,BHISHAMPUR,1712006046/IF/22012035643537,एक बगिया माँ के नाम हितग्राही संगीता सिंह/वीरेंद्र सिंह ग्राम पंचायत भीषमपुर,Ongoing,163488,15660.0,38675.11,3132.0,0,42,18,60,33.23492244079076,>30% expenditure
MAIHAR,AMARPATAN,अश्वनी पटेल,BHISHAMPUR,1712006046/IF/22012035649043,एक बगिया माँ के नाम हितग्राही उर्मिला सिंह /तेजभान सिंह ग्राम पंचायत भीषमपुर,Ongoing,266172,14094.0,53993.48,3132.0,0,36,18,54,25.5802563755767,21-30% expenditure
MAIHAR,AMARPATAN,श्रीमती साधना चौरे,BIDHUIKHURD,1712006024/IF/22012035611756,एक बगिया माँ के नाम हितग्राही सरोज यादव /हरिशंकर यादव(सरस्वतीSHG 3812901 ) ग्रा0पंचा0 बिधुईखुर्द,Ongoing,164536,1305.0,0.0,0.0,0,5,0,5,0.7931394953080176,1-4% expenditure
MAIHAR,AMARPATAN,श्रीमती साधना चौरे,BIDHUIKHURD,1712006024/IF/22012035617169,एक बगिया माँ के नाम हितग्राही लोली पाव /गुरुचरण पाव ग्रा0सेमरिया ग्रा0पंचा0बिधुईखुर्द,Ongoing,160910,261.0,0.0,0.0,0,1,0,1,0.16220247343235347,1-4% expenditure
MAIHAR,AMARPATAN,श्रीमती साधना चौरे,BIDHUIKHURD,1712006024/IF/22012035622152,एक बगिया माँ के नाम हितग्राही उषा चतुर्वेदी /राशरमन चतुर्वेदी ग्राम सेमरिया ग्राम पं बिदुईखुर्द,Ongoing,164536,261.0,0.0,0.0,0,1,0,1,0.15862789906160354,1-4% expenditure
MAIHAR,AMARPATAN,श्रीमती साधना चौरे,BIDHUIKHURD,1712006024/IF/22012035622158,एक बगिया माँ के नाम हितग्राही निशा चतुर्वेदी/रोहणी प्रसादचतुर्वेदी(सरस्वती SHG )ग्रामपं बिदुईखुर्द,Ongoing,160910,261.0,0.0,0.0,0,1,0,1,0.16220247343235347,1-4% expenditure
MAIHAR,AMARPATAN,अश्वनी पटेल,CHORAKHARI,1712006047/IF/22012035616749,एक बगिया माँ के नाम हितग्राही ललिता पटेल /नागेंद्र कुमार पटेल (दुर्गा SHG ID 169138) ग्रापंचा।चोरखड़ी,Ongoing,263693,261.0,0.0,0.0,0,1,0,1,0.09897873663692248,1-4% expenditure
MAIHAR,AMARPATAN,अश्वनी पटेल,CHORAKHARI,1712006047/IF/22012035622160,एक बगिया माँ के नाम हितग्राही कीर्ति पटेल / विकास कुमार पटेल ( जमुना SHG )ग्राम पं चोर खरी,Ongoing,269569,261.0,0.0,0.0,0,1,0,1,0.09682122202478773,1-4% expenditure
MAIHAR,AMARPATAN,अश्वनी पटेल,CHORAKHARI,1712006047/IF/22012035622166,एक बगिया माँ के नाम हितग्राही रीतू पटेल / लक्ष्मण पटेल ( जमुना SHG )ग्राम पं चोर खरी,Ongoing,269569,261.0,0.0,0.0,0,1,0,1,0.09682122202478773,1-4% expenditure
MAIHAR,AMARPATAN,अनिल पटेल,DEO,1712006048/IF/22012035612322,एक बगिया माँ के नाम हितग्राही माधुरी पटेल/प्रमोद पटेल (दामिनी SHG 6224578 ) ग्रा0पंचा0देऊ,Ongoing,264754,783.0,0.0,0.0,0,3,0,3,0.2957462399057238,1-4% expenditure
MAIHAR,AMARPATAN,अश्वनी पटेल,DEORI(JAGDISHPUR),1712006065/IF/22012035623277,एक बगिया माँ के नाम हितग्राही अम्बिका पटेल /जयराम पटेल ग्रा0पंचा0देवरीजगदीशपुर,Ongoing,264754,0.0,0.0,0.0,0,0,0,0,0.0,0% expenditure
MAIHAR,AMARPATAN,सत्यनारायण मिश्रा,DHOBAHATA,1712006031/IF/22012035614343,एक बगिया माँ के नाम हितग्राही रजनी सिंह / राम कुशल सिंह ग्राम पं धोबहट,Ongoing,162443,6525.0,0.0,0.0,0,25,0,25,4.016793582979876,5-10% expenditure
MAIHAR,AMARPATAN,सत्यनारायण मिश्रा,DHOBAHATA,1712006031/IF/22012035614618,एक बगिया माँ के नाम हितग्राही श्रीमती संतोष सिंह / चंद्र भान सिंह ग्राम पं धोबहट,Ongoing,266760,5742.0,0.0,0.0,0,22,0,22,2.1524966261808367,1-4% expenditure
MAIHAR,AMARPATAN,सत्यनारायण मिश्रा,DHOBAHATA,1712006031/IF/22012035614628,एक बगिया माँ के नाम हितग्राही श्रीमती दयावती सिंह पटेल / बाल्मीक पटेल ग्राम पं धोबहट,Ongoing,162443,4698.0,0.0,0.0,0,18,0,18,2.892091379745511,1-4% expenditure
MAIHAR,AMARPATAN,सत्यनारायण मिश्रा,DHOBAHATA,1712006031/IF/22012035614274,एक बगिया माँ के नाम हितग्राही अर्चना सिंह / दिलीप सिंह ग्राम पं धोबहट,Ongoing,266760,2871.0,0.0,0.0,0,11,0,11,1.0762483130904184,1-4% expenditure
MAIHAR,AMARPATAN,सत्यनारायण मिश्रा,DHOBAHATA,1712006031/IF/22012035614542,एक बगिया माँ के नाम हितग्राही सविता सिंह / राम कृपाल सिंह ग्राम पं धोबहट,Ongoing,162443,7569.0,0.0,0.0,0,29,0,29,4.659480556256656,5-10% expenditure
MAIHAR,AMARPATAN,सत्यनारायण मिश्रा,DHOBAHATA,1712006031/IF/22012035614549,एक बगिया माँ के नाम हितग्राही विमला सिंह / राजपाल सिंह ग्राम पं धोबहट,Ongoing,266760,32370.0,38667.53,261.0,0,124,1,125,26.629753336332286,21-30% expenditure
MAIHAR,AMARPATAN,सत्यनारायण मिश्रा,DHOBAHATA,1712006031/IF/22012035614563,एक बगिया माँ के नाम हितग्राही सुनीता सिंह / राजीव लोचन सिंह ग्राम पं धोबहट,Ongoing,167335,14094.0,26248.96,261.0,0,61,22,83,24.10909851495503,21-30% expenditure
MAIHAR,AMARPATAN,सुनील मिश्रा,DITHAURA,1712006004/IF/22012035625633,एक बगिया माँ के नाम हितग्राही रामरती तिवारी /कौशल प्रसाद तिवारी ग्राम करौंदी ग्राम पं डिठौरा,Ongoing,163848,14877.0,0.0,0.0,0,57,0,57,9.079756847810165,5-10% expenditure
MAIHAR,AMARPATAN,सुनील मिश्रा,DITHAURA,1712006004/IF/22012035606494,एक बगिया माँ के नाम हितग्राही सालनी सिंह /नागेंद्र सिंह ग्राम करौंदी ग्राम पं डिठौरा,Ongoing,269569,26100.0,64498.03,0.0,0,100,0,100,33.60847501010873,>30% expenditure
MAIHAR,AMARPATAN,सुनील मिश्रा,DITHAURA,1712006004/IF/22012035632628,एक बगिया माँ के नाम हितग्राही निराशा देवी /रामनाथ सिंह ग्राम पं डिठौरा,Ongoing,268165,1827.0,0.0,0.0,0,7,0,7,0.6812969626908807,1-4% expenditure
MAIHAR,AMARPATAN,अनिल पटेल,ERA,1712006067/IF/22012035612341,एक बगिया माँ के नाम हितग्राही सुभद्रा सिंह /गेंद राज सिंह (यश SHG 5191335 ) ग्राम पंचायत ऐरा,Ongoing,264927,5481.0,49465.0,0.0,0,23,0,23,20.740052920238405,21-30% expenditure
MAIHAR,AMARPATAN,अनिल पटेल,ERA,1712006067/IF/22012035657944,एक बगिया माँ के नाम हितग्राही श्रीमती सत्यभामा सिंह /रावेन्द्र सिंह ग्राम ऐरा ग्रा0पंचा0 ऐरा,Ongoing,266760,0.0,0.0,0.0,0,1,0,1,0.0,0% expenditure
MAIHAR,AMARPATAN,अनिल पटेल,ERA,1712006067/IF/22012035657951,एक बगिया माँ के नाम हितग्राही श्रीमती प्रमिला सिंह /लालबहादुर सिंह ग्राम ऐरा ग्रा0पंचा0 ऐरा,Ongoing,266760,0.0,0.0,0.0,0,2,0,2,0.0,0% expenditure
MAIHAR,AMARPATAN,अनिल पटेल,ERA,1712006067/IF/22012035657954,एक बगिया माँ के नाम हितग्राही श्यामला सिंह /भरत सिंह ग्राम ऐरा ग्रा0पंचा0 ऐरा,Ongoing,155000,0.0,0.0,0.0,0,1,0,1,0.0,0% expenditure
MAIHAR,AMARPATAN,अनिल पटेल,ERA,1712006067/IF/22012035621308,एक बगिया माँ के नाम हितग्राही विमला सिंह / कुंजल सिंह ग्राम ऐरा ग्राम पं ऐरा,Ongoing,174300,522.0,0.0,0.0,0,2,0,2,0.29948364888123924,1-4% expenditure
MAIHAR,AMARPATAN,श्रीमती साधना चौरे,GHUISA,1712006026/IF/22012035610441,एक बगिया माँ के नाम हितग्राही खुशबू पाण्डेय /बी0एस0पाण्डेय ग्राम घुईसा ग्रा0पंचायत घुईसा,Ongoing,269569,1305.0,0.0,0.0,0,5,0,5,0.48410611012393856,1-4% expenditure
MAIHAR,AMARPATAN,श्रीमती साधना चौरे,GHUISA,1712006026/IF/22012035610465,एक बगिया माँ के नाम हितग्राही प्रतिमा पाण्डेय /लवकुश पाण्डेय ग्राम घुईसा ग्रा0पंचायत घुईसा,Ongoing,163848,1305.0,0.0,0.0,0,5,0,5,0.7964698989307163,1-4% expenditure
MAIHAR,AMARPATAN,श्रीमती साधना चौरे,GHUISA,1712006026/IF/22012035610477,एक बगिया माँ के नाम हितग्राही मोनिका पाण्डेय /अतुलेश पाण्डेय ग्राम घुईसा ग्रा0पंचायत घुईसा,Ongoing,163848,1305.0,0.0,0.0,0,5,0,5,0.7964698989307163,1-4% expenditure
MAIHAR,AMARPATAN,श्रीमती साधना चौरे,GHUISA,1712006026/IF/22012035632424,एक बगिया माँ के नाम हितग्राही राजवती पयासी / राकेश कुमार शर्मा ग्राम जुड़मानिया ग्राम पं घुइसा,Ongoing,269569,261.0,0.0,0.0,0,1,0,1,0.09682122202478773,1-4% expenditure
MAIHAR,AMARPATAN,अनिल पटेल अति0,GORA,1712006044/IF/22012035624310,एक बगिया माँ के नाम हितग्राही ममता सिंह / उदल सिंह ग्राम गोरा ग्राम पं गोरा,Ongoing,173536,261.0,0.0,0.0,0,1,0,1,0.15040106951871657,1-4% expenditure
MAIHAR,AMARPATAN,अनिल पटेल अति0,GORA,1712006044/IF/22012035657968,एक बगिया माँ के नाम हितग्राही सबिता सिंह /रामनाथ सिंह ग्राम पंचायत गोरा,Ongoing,166806,0.0,0.0,0.0,0,0,0,0,0.0,0% expenditure
MAIHAR,AMARPATAN,श्रीमती साधना चौरे,ITMA,1712006025/IF/22012035632485,एक बगिया माँ के नाम हितग्राही सरिता पटेल /राम बहादुर पटेल (पूर्णिमा SHG 6111873 )ग्रा पं इटमाखजुरी,Ongoing,266760,10175.0,53993.48,0.0,0,39,0,39,24.0547608337082,21-30% expenditure
MAIHAR,AMARPATAN,श्रीमती साधना चौरे,ITMA,1712006025/IF/22012035632462,एक बगिया माँ के नाम हितग्राही मुन्नी बाई पटेल /चंद्रभान पटेल ग्राम पं इटमा खजुरी,Ongoing,266760,10175.0,53993.48,0.0,0,39,0,39,24.0547608337082,21-30% expenditure
MAIHAR,AMARPATAN,श्रीमती साधना चौरे,ITMA,1712006025/IF/22012035624087,एक बगिया माँ के नाम हितग्राही पुष्पा पटेल/हरिशचंद्र पटेल(पूर्णिमाSHG ID 6111874)ग्रा0पंचा0इटमा,Ongoing,162443,7438.01,38141.93,0.0,0,29,0,29,28.059036092660193,21-30% expenditure
MAIHAR,AMARPATAN,अश्वनी पटेल,ITMAKOTHAR,1712006073/IF/22012035625950,एक बगिया माँ के नाम हितग्राही माला सिंह / बलराज सिंह ग्राम पं इटमा कोठार,Ongoing,163848,0.0,0.0,0.0,0,6,0,6,0.0,0% expenditure
MAIHAR,AMARPATAN,सुनील मिश्रा,JHINNA,1712006003/IF/22012035607360,एक बगिया माँ के नाम हितग्राही राजकुमारी कुशवाहा / कृष्ण पाल कुशवाहा ग्राम पं झिन्ना,Ongoing,269569,1305.0,0.0,0.0,0,5,0,5,0.48410611012393856,1-4% expenditure
MAIHAR,AMARPATAN,अनिल पटेल अति0,KAKARA,1712006032/IF/22012035610965,एक बगिया माँ के नाम हितग्राही अनीता सिंह /भूपेन्द्र सिंह ग्राम ककरा ग्राम पंचायत ककरा,Ongoing,182460,1305.0,0.0,0.0,0,5,0,5,0.7152252548503781,1-4% expenditure
MAIHAR,AMARPATAN,अनिल पटेल अति0,KAKARA,1712006032/IF/22012035620010,एक बगिया माँ के नाम हितग्राही लीलावती सिंह/मातादीन सिंह ग्रा0 पंचा0 ककरा,Ongoing,171362,1827.0,0.0,0.0,0,14,0,14,1.0661640270304968,1-4% expenditure
MAIHAR,AMARPATAN,अनिल पटेल,KARAHI LAMI,1712006069/IF/22012035616656,एक बगिया माँ के नाम हितग्राही प्रवीण द्विवेदी/महेंद्र प्रसाद द्विवेदी ग्राम रिमार ग्रा0पंचा0करहीलामी,Ongoing,172886,4517.0,26721.7,0.0,0,27,0,27,18.068958735814352,11-20% expenditure
MAIHAR,AMARPATAN,अनिल पटेल अति0,KATHAHA,1712006018/IF/22012035599208,एक बगिया माँ के नाम हितग्राही संगीता कुशवाहा / बालकरण कुशवाहा ग्राम कठ हा ग्राम पं कठहा,Ongoing,162550,3132.0,0.0,0.0,0,12,0,12,1.9267917563826515,1-4% expenditure
MAIHAR,AMARPATAN,अश्वनी पटेल,KHARAM SEDA,1712006072/IF/22012035657947,एक बगिया माँ के नाम हितग्राही वंदना सिंह /शोभनाथ सिंह (जय संतोषी SHG ID 2317113) ग्राम पं खरमसेड़ा,Ongoing,269569,0.0,0.0,0.0,0,1,0,1,0.0,0% expenditure
MAIHAR,AMARPATAN,अश्वनी पटेल,KIRHAI,1712006075/IF/22012035658908,एक बगिया माँ के नाम हितग्राही मोलिया कुशवाहा/रामसजीवन(लक्ष्य SHG ID4452051).जुड़मानिया ग्रापं किरहाई,Ongoing,263693,0.0,0.0,0.0,0,2,0,2,0.0,0% expenditure
MAIHAR,AMARPATAN,अश्वनी पटेल,KIRHAI,1712006075/IF/22012035658264,एक बगिया माँ के नाम हितग्राही माया कुशवाहा /दिलीप कुमार कुशवाहा(लक्ष्यSHG ID4452050)ग्रापं किरहाई,Ongoing,264868,261.0,0.0,0.0,0,1,0,1,0.09853964993883746,1-4% expenditure
MAIHAR,AMARPATAN,अनिल पटेल,KORIGAWAN,1712006068/IF/22012035613276,एक बगिया माँ के नाम हितग्राही फूलमती विश्वकर्मा / अशोक विश्वकर्मा ग्राम पं कोरीगवां,Ongoing,260935,3915.0,0.0,0.0,0,18,0,18,1.500373656274551,1-4% expenditure
MAIHAR,AMARPATAN,सत्यनारायण मिश्रा,LALITPURNOTWO,1712006028/IF/22012035651804,एक बगिया माँ के नाम हितग्राही प्रवीण सिंह /भारत सिंह ग्राम पंचायत ललितपुर नंबर 02,Ongoing,269442,9064.0,0.0,0.0,0,38,0,38,3.363989281552245,1-4% expenditure
MAIHAR,AMARPATAN,सत्यनारायण मिश्रा,LALITPURNOTWO,1712006028/IF/22012035622341,एक बगिया माँ के नाम हितग्राही रामरती साहू / राम बहोर साहू ग्राम पं ललितपुर 2,Ongoing,164334,19694.0,0.0,1044.0,0,78,4,82,11.984129881826037,11-20% expenditure
MAIHAR,AMARPATAN,सत्यनारायण मिश्रा,LALITPURNOTWO,1712006028/IF/22012035598426,एक बगिया माँ के नाम हितग्राही उमा तिवारी /उमाशंकर तिवारी ग्राम ललितपुर 02,Ongoing,267840,3271.0,0.0,0.0,0,13,0,13,1.2212514934289127,1-4% expenditure
MAIHAR,AMARPATAN,अश्वनी पटेल,MADHI (BIRDUTT),1712006015/IF/22012035624390,एक बगिया माँ के नाम हितग्राही प्रेमिया पटेल/रामसिया पटेल(सत्याSHG ID 4093761)ग्रा0पंचा0मढ़ीवीरदत्त,Ongoing,162401,261.0,0.0,0.0,0,1,0,1,0.16071329610039348,1-4% expenditure
MAIHAR,AMARPATAN,अनिल पटेल,MAUHARI KATARA,1712006055/IF/22012035619178,एक बगिया माँ के नाम हितग्राही कुशुम बाई साकेत/जवाहर लाल साकेत ग्रा0पंचा0मौहारीकटरा,Ongoing,259940,261.0,0.0,0.0,0,1,0,1,0.10040778641224898,1-4% expenditure
MAIHAR,AMARPATAN,अनिल पटेल,MAUHARI KATARA,1712006055/IF/22012035658251,एक बगिया माँ के नाम हितग्राही गीता शुक्ला /शेषमणि शुक्ला ग्राम पंचायत मौहारीकटरा,Ongoing,266760,0.0,0.0,0.0,0,0,0,0,0.0,0% expenditure
MAIHAR,AMARPATAN,अनिल पटेल,MAUHARI KATARA,1712006055/IF/22012035658258,एक बगिया माँ के नाम हितग्राही अंजू सिंह /इंद्रभान सिंह ग्राम पंचायत मौहारीकटरा,Ongoing,266760,1827.0,0.0,0.0,0,7,0,7,0.6848852901484481,1-4% expenditure
MAIHAR,AMARPATAN,अनिल पटेल,MAUHARI KATARA,1712006055/IF/22012035658393,एक बगिया माँ के नाम हितग्राही उर्मिला सिंह /राजभान सिंह ग्राम पंचायत मौहारीकटरा,Ongoing,155000,0.0,0.0,0.0,0,0,0,0,0.0,0% expenditure
MAIHAR,AMARPATAN,अनिल पटेल अति0,MAUHAT,1712006036/IF/22012035606497,एक बगिया माँ के नाम हितग्राही संध्या पटेल / त्रिवेणी प्रसाद पटेल ग्राम पं मौहट,Ongoing,171954,783.0,0.0,0.0,0,3,0,3,0.4553543389511148,1-4% expenditure
MAIHAR,AMARPATAN,सत्यनारायण मिश्रा,MUKUNDPUR,1712006013/IF/22012035614841,एक बगिया माँ के नाम हितग्राही श्रीमती रिचा शर्मा / शैलेन्द्र शर्मा ग्राम पं मुकुंदपुर,Ongoing,162443,8854.0,0.0,0.0,0,40,0,40,5.4505272618703176,5-10% expenditure
MAIHAR,AMARPATAN,सत्यनारायण मिश्रा,MUKUNDPUR,1712006013/IF/22012035598445,एक बगिया माँ के नाम हितग्राही राधा शर्मा/पुष्पेंद्र कुमार शर्मा ग्राम मुकुंदपुर ग्राम पंचा0मुकुंदपुर,Ongoing,267840,9679.0,0.0,0.0,0,42,0,42,3.6137246117084825,1-4% expenditure
MAIHAR,AMARPATAN,अनिल पटेल अति0,NAUGAWAN,1712006040/IF/22012035610811,एक बगिया माँ के नाम हितग्राही कौशिल्या यादव / रामसिया यादव ग्राम पं नौगवां,Ongoing,180060,1827.0,0.0,0.0,0,7,0,7,1.0146617794068644,1-4% expenditure
MAIHAR,AMARPATAN,अनिल पटेल अति0,NAUGAWAN,1712006040/IF/22012035611659,एक बगिया माँ के नाम हितग्राही नीता पाण्डेय/राम उजागर पाण्डेय ग्राम बजवाही ग्रा0पंचा0नौगवां,Ongoing,198111,1827.0,0.0,0.0,0,7,0,7,0.9222102760573617,1-4% expenditure
MAIHAR,AMARPATAN,अनिल पटेल अति0,NAUGAWAN,1712006040/IF/22012035658310,एक बगिया माँ के नाम मीरा त्रिपाठी /चंद्रमणि त्रिपाठी ग्राम पंचायत नौगवां,Ongoing,168731,0.0,0.0,0.0,0,0,0,0,0.0,0% expenditure
MAIHAR,AMARPATAN,अश्वनी पटेल,OBRA,1712006074/IF/22012035029078,नंदन फल उद्द्यान निर्माण कार्य बुधिया कुशवाहा के खेत में ग्राम पंचायत ओबरा (मनरेगा ),Ongoing,178715,67726.0,21300.0,0.0,0,401,0,401,49.81450913465574,>30% expenditure
MAIHAR,AMARPATAN,सुनील मिश्रा,PAGARA,1712006060/IF/22012035658267,एक बगिया माँ के नाम हितग्राही रेखा देवी पटेल /राजेश कुमार (सावित्री बाई SHG ID 4422252)ग्रा0पं पगरा,Ongoing,268165,1827.0,0.0,0.0,0,7,0,7,0.6812969626908807,1-4% expenditure
MAIHAR,AMARPATAN,श्रीमती साधना चौरे,PAL,1712006042/IF/22012035611544,एक बगिया माँ केनाम हितग्राही सुनीता सिंह तिवारी/मुनीकुमार सिंहतिवारी(सियाराम SHG 5113825)ग्रा पं पाल,Ongoing,164043,7695.8,38846.21,0.0,0,32,0,32,28.371835433392466,21-30% expenditure
MAIHAR,AMARPATAN,श्रीमती साधना चौरे,PAL,1712006042/IF/22012035612472,एक बगिया माँ के नाम हितग्राही रंजना तिवारी /पुष्पेंद्र सिंह तिवारी ग्राम कोटरा ग्रा0पंचा0पाल,Ongoing,266760,9291.0,53993.48,0.0,0,37,0,37,23.72337681811366,21-30% expenditure
MAIHAR,AMARPATAN,अनिल पटेल अति0,PARASWAHI,1712006038/IF/22012035625905,एक बगिया माँ के नाम हितग्राही अनीता सिंह /राजेंद्र सिंह ( सत्य साई SHG ID107203 )ग्राम पं परसवाही,Ongoing,173337,261.0,0.0,0.0,0,1,0,1,0.1505737378632375,1-4% expenditure
MAIHAR,AMARPATAN,अनिल पटेल अति0,PARASWAHI,1712006038/IF/22012035599250,एक बगिया माँ के नाम हितग्राही सुनीता पटेल/ गोकरण प्रसाद पटेल ग्राम परसवाही ग्राम पं परसवाही,Ongoing,225421,6003.0,0.0,0.0,0,23,0,23,2.663017198930002,1-4% expenditure
MAIHAR,AMARPATAN,अनिल पटेल अति0,PARASWAHI,1712006038/IF/22012035599257,एक बगिया माँ के नाम हितग्राही सुधा देवी पटेल/ राजेश पटेल ग्राम परसवाही ग्राम पं परसवाही,Ongoing,173148,6003.0,0.0,0.0,0,23,0,23,3.4669762284288588,1-4% expenditure
MAIHAR,AMARPATAN,सत्यनारायण मिश्रा,PARSIYA,1712006017/IF/22012035596772,एक बगिया माँ के नाम हितग्राही सुनीता /जगत नारायण द्विवेदी ग्राम कपूरहाई ग्राम पं परसिया,Ongoing,188776,5481.0,0.0,0.0,0,21,0,21,2.903441115396025,1-4% expenditure
MAIHAR,AMARPATAN,सत्यनारायण मिश्रा,PARSIYA,1712006017/IF/22012035596900,एक बगिया माँ के नाम हितग्राही संगीता सिंह /मान सिंह ग्राम मोहनी ग्राम पं परसिया,Ongoing,266760,8091.0,64933.13,0.0,0,31,0,31,27.374467686309796,21-30% expenditure
MAIHAR,AMARPATAN,अनिल पटेल अति0,RAIKAWAR,1712006037/IF/22012035602979,एक बगिया माँ के नाम हितग्राही सावित्री सिंह /वीरेंद्र प्रताप सिंह ग्राम रैकवार ग्रा0पंचा0रैकवार,Ongoing,206564,1305.0,0.0,0.0,0,5,0,5,0.631765457678976,1-4% expenditure
MAIHAR,AMARPATAN,अनिल पटेल अति0,SARBAKA,1712006033/IF/22012035624181,एक बगिया माँ नाम हितग्राही प्रीती सिंह/गोविन्द सिंह(खेरमाताSHG ID 3790411)ग्राम बारी ग्रा0पं. सरबका,Ongoing,173536,0.0,0.0,0.0,0,1,0,1,0.0,0% expenditure
MAIHAR,AMARPATAN,अनिल पटेल,SILPARI,1712006064/IF/22012035615468,एक बगिया माँ के नाम हितग्राही मुन्नी देवी /राजकुमार द्विवेदी ग्राम सिलपरी ग्रा0पंचा0सिलपरी,Ongoing,260935,0.0,0.0,0.0,0,0,0,0,0.0,0% expenditure
MAIHAR,AMARPATAN,अनिल पटेल,SILPARI,1712006064/IF/22012035621293,एक बगिया माँ के नाम हितग्राही कलावती पटेल / संजय पटेल (बजरंगSHG 6062881)ग्राम कल्ला ग्राम पं सिलपरी,Ongoing,170481,0.0,0.0,0.0,0,0,0,0,0.0,0% expenditure
MAIHAR,AMARPATAN,अश्वनी पटेल,SUWA,1712006058/IF/22012035626747,एक बगिया माँ के नाम हितग्राही गिरजा देवी पटेल/रामनिवास पटेल ग्रा0पंचा0सुआ,Ongoing,163614,0.0,0.0,0.0,0,0,0,0,0.0,0% expenditure
MAIHAR,AMARPATAN,सत्यनारायण मिश्रा,TALA,1712006001/IF/YD/22012035605742,एक बगिया माँ के नाम हितग्राही रागनी तिवारी / भीमसेन तिवारी ग्राम पं ताला,Ongoing,163848,783.0,0.0,0.0,0,3,0,3,0.4778819393584297,1-4% expenditure
MAIHAR,AMARPATAN,सत्यनारायण मिश्रा,TALA,1712006001/IF/YD/22012035605810,एक बगिया माँ के नाम हितग्राही संध्या सिंह /संजीव सिंह ग्राम पं ताला,Ongoing,263693,783.0,0.0,0.0,0,3,0,3,0.29693620991076747,1-4% expenditure
MAIHAR,AMARPATAN,सत्यनारायण मिश्रा,TALA,1712006001/IF/YD/22012035606192,एक बगिया माँ के नाम हितग्राही सुधा सिंह /विक्रम सिंह ग्राम पं ताला,Ongoing,163848,783.0,0.0,0.0,0,3,0,3,0.4778819393584297,1-4% expenditure
MAIHAR,AMARPATAN,सत्यनारायण मिश्रा,TALA,1712006001/IF/YD/22012035606500,एक बगिया माँ के नाम हितग्राही पुष्पा कुमारी सोनी /सतीश कुमार सोनी ग्राम पं ताला,Ongoing,269569,783.0,0.0,0.0,0,3,0,3,0.29046366607436314,1-4% expenditure
MAIHAR,AMARPATAN,सत्यनारायण मिश्रा,TALA,1712006001/IF/YD/22012035604638,एक बगिया माँ के नाम हितग्राही अरुणा कुशवाहा /सुरेश कुशवाहा ग्राम पं ताला,Ongoing,269569,1305.0,0.0,0.0,0,5,0,5,0.48410611012393856,1-4% expenditure
MAIHAR,AMARPATAN,सत्यनारायण मिश्रा,TALA,1712006001/IF/YD/22012035603965,एक बगिया माँ के नाम हितग्राही प्रवीणा खरे / विजय खरे ग्राम पं ताला,Ongoing,263693,783.0,0.0,0.0,0,4,0,4,0.29693620991076747,1-4% expenditure
MAIHAR,AMARPATAN,सत्यनारायण मिश्रा,TALA,1712006001/IF/YD/22012035604022,एक बगिया माँ के नाम हितग्राही पूजा द्विवेदी / शिव कुमार द्विवेदी ग्राम पं ताला,Ongoing,165801,522.0,0.0,0.0,0,3,0,3,0.31483525431089077,1-4% expenditure
MAIHAR,AMARPATAN,सत्यनारायण मिश्रा,TALA,1712006001/IF/YD/22012035604094,एक बगिया माँ के नाम हितग्राही अनीता सोनी / रवि शंकर सोनी ग्राम पं ताला,Ongoing,269569,522.0,0.0,0.0,0,3,0,3,0.19364244404957545,1-4% expenditure
MAIHAR,AMARPATAN,अनिल पटेल,UMARISHIVRAJI,1712006049/IF/22012035611517,एक बगिया माँ के नाम हितग्राही सत्यवती पटेल /रामलखन पटेल ग्राम पंचायत उमरीशिवराजी,Ongoing,265151,0.0,0.0,0.0,0,0,0,0,0.0,0% expenditure
MAIHAR,MAIHAR,धनंजय त्रिपाठी,AMATARA,1712008100/IF/22012035627457,ek bagiya ma ke nam sudha mp12/008/100/002/841 shg 1786156,Ongoing,161736,0.0,0.0,0.0,0,0,0,0,0.0,0% expenditure
MAIHAR,MAIHAR,धनंजय त्रिपाठी,AMATARA,1712008100/IF/22012035644206,ek bagiya ke nam vinod bai raghuwansi mp12/008/100/002/564,Ongoing,162426,1566.0,0.0,0.0,0,6,0,6,0.9641313582800783,1-4% expenditure
MAIHAR,MAIHAR,राजा भैया सिंह,BANSHIPUR,1712008097/IF/22012035655963,ek ma ki bagiya ka nam devvati yadav mp 12/008/097/002/751,Ongoing,169127,4403.98,0.0,0.0,0,17,0,17,2.603948512064898,1-4% expenditure
MAIHAR,MAIHAR,जय अर्खेल,BARAHI,1712008031/IF/22012035657966,ek bagiya ma ke naam MP-12-008-031-005/105 SHG 292884,Ongoing,169127,3120.0,43660.63,0.0,0,12,0,12,27.660060191453756,21-30% expenditure
MAIHAR,MAIHAR,राज रंजन तिवारी,BERMA,1712008118/IF/22012035614998,ek bagiya ma ke nam manorama dewi MP17120081180022099 samooh id5675512,Ongoing,261930,2086.71,0.0,0.0,0,8,0,8,0.7966670484480586,1-4% expenditure
MAIHAR,MAIHAR,राज रंजन तिवारी,BERMA,1712008118/IF/22012035620786,ek bagiya ma ke nam pinky pandey mp12008118002/2094,Ongoing,160028,519.42,0.0,0.0,0,2,0,2,0.32458069837778386,1-4% expenditure
MAIHAR,MAIHAR,सुरेश सिंह,BHATOORA,1712008057/IF/22012035617830,ek bagiya ma ke nam seeta bai bhmmiya mp1200805700340 shg 6136229,Ongoing,261930,1825.71,0.0,0.0,0,7,0,7,0.6970221051425953,1-4% expenditure
MAIHAR,MAIHAR,सुरेश सिंह,BHATOORA,1712008057/IF/22012035644214,ek bagiya ma ke nam sukhmantee patel mp12/008/057/003/38c shg 4400042,Ongoing,160028,8091.0,0.0,0.0,0,31,0,31,5.0559902017147,5-10% expenditure
MAIHAR,MAIHAR,राज रंजन तिवारी अति0,BINAIKA,1712008008/IF/22012034428418,शिव मंदिर परिसर-गड़वा plantation,Ongoing,342000,34626.0,13400.0,0.0,0,199,0,199,14.042690058479531,11-20% expenditure
MAIHAR,MAIHAR,राज रंजन तिवारी अति0,DHANEDI KHURD,1712008010/IF/22012035615814,EK Bagiya Maa Ke Naam Bharti Yadav Rani Laxmi Bai Aajivka mission MP12008010001 155,Ongoing,261930,1817.97,0.0,0.0,0,7,0,7,0.6940671171687093,1-4% expenditure
MAIHAR,MAIHAR,धनंजय त्रिपाठी,DHANWAHI,1712008051/IF/22012035607287,Ek Bagiya Ma Ke Name Dhanwahi Rukmani Prajapati Pati Jeewan Lal,Ongoing,165495,4932.0,23055.0,0.0,0,30,0,30,16.91108492703707,11-20% expenditure
MAIHAR,MAIHAR,धनंजय त्रिपाठी,DHANWAHI,1712008051/IF/22012035610291,Ek Bagiya Ma Ke Name Dhanwahi Kamla Bai Kori Pati Ramdyal Kori,Ongoing,146596,3400.0,21750.0,0.0,0,24,0,24,17.15599334224672,11-20% expenditure
MAIHAR,MAIHAR,धनंजय त्रिपाठी,DHANWAHI,1712008051/IF/22012035615576,Ek Bagiya Ma Ke Name Dhanwahi Saroj Bunkar Pati Sunil Bunkar 17001103594 /170033178954,Ongoing,162702,900.0,21750.0,0.0,0,6,0,6,13.921156470111,11-20% expenditure
MAIHAR,MAIHAR,जय अर्खेल,DHATURA,1712008121/IF/22012035656580,ek bagiya ma ke naam Mp-12-008-121-001/538 shg 1428582,Ongoing,169127,7814.0,43661.39,0.0,0,28,2,30,30.435938673304676,>30% expenditure
MAIHAR,MAIHAR,जय अर्खेल,DHATURA,1712008121/IF/22012035657672,ek bagiya ma ke naam Soniya Prajapati MP-12-008-121-001/804 SHG 222552,Ongoing,169127,11714.0,43661.33,0.0,0,45,0,45,32.74186262394532,>30% expenditure
MAIHAR,MAIHAR,सुरेश सिंह,GHORVAI,1712008036/IF/22012035627455,ek bagiya ma ke nam ram bai patel mp 12/008/036/001/491 shg 4095961,Ongoing,160028,522.0,0.0,0.0,0,2,0,2,0.32619291623965807,1-4% expenditure
MAIHAR,MAIHAR,बृजेश सिंह,GHUNWARRA,1712008102/IF/22012035646078,ek bagiya ma ke nam prabha tiwari mp12/008/102/001/961 shg 452528,Ongoing,169127,1518.6,0.0,0.0,0,6,0,6,0.8979051245513726,1-4% expenditure
MAIHAR,MAIHAR,राज रंजन तिवारी अति0,GUGADI,1712008006/IF/22012035602157,Ek Bagiya Maa Ke Naam Ganeshiya Bai,Ongoing,261930,2337.39,0.0,0.0,0,9,0,9,0.8923720077883404,1-4% expenditure
MAIHAR,MAIHAR,राज रंजन तिवारी अति0,GUGADI,1712008006/IF/22012035658270,ek bagiya ma ke naam Bitti Devi Tripathi MP-12-008-006-002/447 SHG 14928,Ongoing,160028,9361.32,45257.92,0.0,0,36,0,36,34.13105206588847,>30% expenditure
MAIHAR,MAIHAR,राज रंजन तिवारी,ITAHARA,1712008044/IF/22012035614996,ek bagiya ma ke nam munni bai saket mp12008044001147 samooh id 2941917,Ongoing,261930,1566.0,0.0,0.0,0,6,0,6,0.5978696598327797,1-4% expenditure
MAIHAR,MAIHAR,राज रंजन तिवारी,ITAMA,1712008117/IF/22012035648840,ek bagiya ma ke nam saroj bai patel mp 12/008/117/003/127 shg 3454015,Ongoing,169127,8091.0,0.0,3654.0,0,17,14,31,4.783978903427602,5-10% expenditure
MAIHAR,MAIHAR,राज रंजन तिवारी,ITAMA,1712008117/IF/22012035648842,ek bagiya ma ke nam siya bai patel mp 12/008/117/003/50 shg 3454015,Ongoing,169127,11223.0,0.0,6786.0,0,17,26,43,6.635841704754415,5-10% expenditure
MAIHAR,MAIHAR,राज रंजन तिवारी,ITAMA,1712008117/IF/22012035656307,ek bagiya ma ke namsaroj patel mp 12/008/117/003/116 shg 4828203,Ongoing,169127,10962.0,0.0,7308.0,0,14,28,42,6.481519804643847,5-10% expenditure
MAIHAR,MAIHAR,राज रंजन तिवारी,ITAMA,1712008117/IF/22012035656314,ek bagiya ma ke nam prem wati patel mp/12/008/117/003/81 shg 2095110,Ongoing,169127,10962.0,0.0,7308.0,0,14,28,42,6.481519804643847,5-10% expenditure
MAIHAR,MAIHAR,अभिषेक तिवारी,JARIYARI,1712008027/IF/YD/22012035617468,EK BAGIYA MAAN KE NAME SHOBHA PATEL JARIYARI,Ongoing,261930,261.0,0.0,0.0,0,1,0,1,0.0996449433054633,1-4% expenditure
MAIHAR,MAIHAR,अभिषेक तिवारी,JARIYARI,1712008027/IF/YD/22012035617465,EK BAGIYA MAAN KE NAME KIRAN PATEL JARIYARI,Ongoing,159539,261.0,0.0,0.0,0,1,0,1,0.16359636201806455,1-4% expenditure
MAIHAR,MAIHAR,योगेन्द्र सिंह,JHANJHWARI,1712008001/IF/22012035607394,EK BAGIYA MAA K NAAM GUDDI WO DIWAKAR SINGH RUJHOUDI,Ongoing,152836,7279.02,30783.08,0.0,0,20,10,30,24.903883901698556,21-30% expenditure
MAIHAR,MAIHAR,योगेन्द्र सिंह,JHANJHWARI,1712008001/IF/22012035608276,EK BAGIYA MAA K NAAM MAHIMA TIWARI WO RAVI SHANKAR TIWARI RUJHOUDI,Ongoing,261930,2164.02,30783.08,0.0,0,9,0,9,12.578589699538046,11-20% expenditure
MAIHAR,MAIHAR,योगेन्द्र सिंह,JHANJHWARI,1712008001/IF/22012035608282,EK BAGIYA MAA K NAAM KALPNA TIWARI WO KRISHNA KUMAR TIWARI RUJHOUDI,Ongoing,261930,5450.02,0.0,0.0,0,12,10,22,2.080716221891345,1-4% expenditure
MAIHAR,MAIHAR,योगेन्द्र सिंह,JHANJHWARI,1712008001/IF/22012035656066,ek ma ki bagiya ka nam rani yadav mp12/008/001/00222/457 shg 2918461,Ongoing,261930,3650.02,30783.08,0.0,0,6,8,14,13.145916848012828,11-20% expenditure
MAIHAR,MAIHAR,योगेन्द्र सिंह,JOBA,1712008112/IF/22012035658040,ek bagiya ma ke naam Terasiya Kol MP-12-008-112-002/125 SHG 362763,Ongoing,261930,0.0,0.0,0.0,0,0,0,0,0.0,0% expenditure
MAIHAR,MAIHAR,योगेन्द्र सिंह,JOBA,1712008112/IF/22012035658260,ek bagiya ma ke naam Sita bai saket MP-12-008-112-002/389 SHG 431679,Ongoing,261930,0.0,0.0,0.0,0,0,0,0,0.0,0% expenditure
MAIHAR,MAIHAR,राजा भैया सिंह,JURA,1712008002/IF/22012035605122,Ek Bagiya Maa Ke Naam Asha Jaiswal MP12008002002 785,Ongoing,261930,4532.0,0.0,0.0,0,26,0,26,1.7302332684304966,1-4% expenditure
MAIHAR,MAIHAR,राजा भैया सिंह,JURA,1712008002/IF/22012035610987,Ek Bagiya Ma Ke Naam Mithlesh Gupta MP12008002002 896,Ongoing,289782,6874.0,0.0,0.0,0,35,0,35,2.3721280134721963,1-4% expenditure
MAIHAR,MAIHAR,राजा भैया सिंह,JURA,1712008002/IF/22012035615005,ek bagiya ma ke nam rasna sharma mp17120080002002732 samooh id604657,Ongoing,141782,3522.0,0.0,0.0,0,29,0,29,2.4840953012371108,1-4% expenditure
MAIHAR,MAIHAR,राजा भैया सिंह,JURA,1712008002/IF/22012035648234,ek bagiya ma ke nam subhadra viswakarma mp12/008/002/002/897 shg 2910964,Ongoing,169127,2520.0,0.0,0.0,0,14,0,14,1.4900045527916892,1-4% expenditure
MAIHAR,MAIHAR,राज रंजन तिवारी,KANHWARA,1712008119/IF/22012035616668,ek bagiya ma ke nam neelam goswami mp12008119001429 samooh 170018975318,Ongoing,261930,3132.0,0.0,0.0,0,12,0,12,1.1957393196655595,1-4% expenditure
MAIHAR,MAIHAR,राज रंजन तिवारी,KANHWARA,1712008119/IF/22012035647808,ek bagiya ma ke nam santoshi bai kolmp12/008/119/440 shg 423849,Ongoing,169127,4698.0,43651.84,0.0,0,18,0,18,28.587889574107027,21-30% expenditure
MAIHAR,MAIHAR,श्रीमती मीना अग्रवाल,KANSA,1712008058/IF/22012035618589,ek bagiya ma ke nam prabha tiwari mp171200805800122 shg 5803779,Ongoing,165531,727.0,0.0,0.0,0,3,0,3,0.43919265877690583,1-4% expenditure
MAIHAR,MAIHAR,श्रीमती मीना अग्रवाल,KANSA,1712008058/IF/22012035626541,ek bagiya ma ke nam vimla dwivedi mp 12008058/002/93 shg 5391800,Ongoing,161435,522.0,0.0,0.0,0,2,0,2,0.323349955090284,1-4% expenditure
MAIHAR,MAIHAR,श्रीमती मीना अग्रवाल,KANSA,1712008058/IF/22012035618584,ek bagiya ma ke nam radha dwivedi mp1712008058002107 shg 5804352,Ongoing,261930,727.0,0.0,0.0,0,3,0,3,0.2775550719657924,1-4% expenditure
MAIHAR,MAIHAR,श्रीमती मीना अग्रवाल,KANSA,1712008058/IF/22012035618601,ek bagiya ma ke nam meenu tiwari mp 171200805800121 shg 5332666,Ongoing,159539,727.0,0.0,0.0,0,3,0,3,0.4556879509085553,1-4% expenditure
MAIHAR,MAIHAR,श्रीमती मीना अग्रवाल,KANSA,1712008058/IF/22012035629421,ek bagiya ma ke nam sadhana dwivedi mp12/008/058/002/166a,Ongoing,169127,0.0,0.0,0.0,0,0,0,0,0.0,0% expenditure
MAIHAR,MAIHAR,श्रीमती मीना अग्रवाल,KANSA,1712008058/IF/22012035618579,ek bagiya ma ke nam asha dwivedi mp 1712008058002393 shg 5066219,Ongoing,158789,1043.0,0.0,0.0,0,4,0,4,0.6568465069998551,1-4% expenditure
MAIHAR,MAIHAR,श्रीमती मीना अग्रवाल,KANSA,1712008058/IF/22012035618595,ek bagiya ma ke nam meena pandey mp171200805800256 shg 4793925,Ongoing,159539,18756.96,43660.39,1566.0,0,72,6,78,39.12356853183234,>30% expenditure
MAIHAR,MAIHAR,राजा भैया सिंह,KARAIYA DEORI,1712008029/IF/22012035622617,ek bagiya ma ke namagasiya patel mp/12008/029/001/553 shg 3760984,Ongoing,167239,0.0,0.0,0.0,0,0,0,0,0.0,0% expenditure
MAIHAR,MAIHAR,राजा भैया सिंह,KARAIYA DEORI,1712008029/IF/22012035622627,ek bagiya ma ke nam uma viswakarma mp12/008/029/001/500 shg 378983,Ongoing,261930,2450.0,0.0,0.0,0,49,0,49,0.9353644103386402,1-4% expenditure
MAIHAR,MAIHAR,राजा भैया सिंह,KARAIYA DEORI,1712008029/IF/22012035620203,ek bagiya ka nam suneeta patelmp12008029001587 shg 5699322,Ongoing,167239,1400.0,0.0,0.0,0,28,0,28,0.837125311679692,1-4% expenditure
MAIHAR,MAIHAR,राजा भैया सिंह,KARAIYA DEORI,1712008029/IF/22012035620219,ek bagiya ma ke nam shyam bai patel mp12008029001309,Ongoing,261930,1750.0,9881.28,0.0,0,35,0,35,4.440606268850456,5-10% expenditure
MAIHAR,MAIHAR,राजा भैया सिंह,KARAIYA DEORI,1712008029/IF/22012035620231,ek bagiya ma ke nam shanti bai patel mp12008029001610 shg 2083368,Ongoing,171830,2137.38,8431.28,0.0,0,42,0,42,6.150648897165803,5-10% expenditure
MAIHAR,MAIHAR,श्रीमती मीना अग्रवाल,KARTAHA,1712008059/IF/22012035614975,एक बगिया माँ के नाम ओम आजीविका MP12008059001/311 करतहा,Ongoing,149040,1566.0,0.0,0.0,0,6,0,6,1.0507246376811594,1-4% expenditure
MAIHAR,MAIHAR,श्रीमती मीना अग्रवाल,KARTAHA,1712008059/IF/22012035627460,ek bagiya ma ke nam arti devi tiwari mp 12/008/059/001/93,Ongoing,161736,1044.0,43659.89,0.0,0,4,0,4,27.64003685017559,21-30% expenditure
MAIHAR,MAIHAR,राज रंजन तिवारी,KHAIRA,1712008003/IF/22012035649939,ek bagiya ma ke nam tilka bai patel mp12/008/003/001/362,Ongoing,169127,4698.0,43660.39,0.0,0,18,0,18,28.592944946696864,21-30% expenditure
MAIHAR,MAIHAR,धनंजय त्रिपाठी,KOYLARI,1712008052/IF/22012035602510,ek bagiya maa ke naam urmila bai tiwari mp 12008052001 365,Ongoing,146808,3654.0,0.0,0.0,0,14,0,14,2.4889651790093184,1-4% expenditure
MAIHAR,MAIHAR,धनंजय त्रिपाठी,KOYLARI,1712008052/IF/22012035602499,ek bagiya maa ke naam priyanka jaiswal mp 12008052001 363,Ongoing,261930,3204.0,0.0,0.0,0,16,0,16,1.223227579887756,1-4% expenditure
MAIHAR,MAIHAR,राजा भैया सिंह,MADAI,1712008081/IF/22012035647798,ek bagiya ma ke nam meera sharma mp12/008/081/776,Ongoing,169127,1566.0,0.0,0.0,0,6,0,6,0.9259314006634067,1-4% expenditure
MAIHAR,MAIHAR,श्रीमती मीना अग्रवाल,MAGRAURA,1712008063/IF/22012034652504,Khet talab Ramshanehi singh/khondha,Ongoing,332962,39681.99,0.0,0.0,0,239,0,239,11.917873511091354,11-20% expenditure
MAIHAR,MAIHAR,बृजेश सिंह,MAHEDAR,1712008084/IF/22012035624739,ek bagiya ma ke nam mana mp12/008084/001/304 shg 4331282,Ongoing,160028,16089.57,0.0,0.0,0,101,0,101,10.05422176119179,11-20% expenditure
MAIHAR,MAIHAR,बृजेश सिंह,MATWARA,1712008082/IF/22012035607286,ek bagiya ma ke naam pooja patel matwara,Ongoing,261930,519.42,42040.48,0.0,0,2,0,2,16.248577864314896,11-20% expenditure
MAIHAR,MAIHAR,बृजेश सिंह,MATWARA,1712008082/IF/22012035619121,ek bagiya ma ke nam kawita patel mp1712008082001601,Ongoing,163862,1817.97,0.0,0.0,0,7,0,7,1.1094518558299058,1-4% expenditure
MAIHAR,MAIHAR,बृजेश सिंह,MATWARA,1712008082/IF/22012035619109,ek bagiya ma ke nam maltee varman mp1712008082001440,Ongoing,261930,259.71,42040.48,0.0,0,1,0,1,16.149425419005077,11-20% expenditure
MAIHAR,MAIHAR,बृजेश सिंह,MATWARA,1712008082/IF/22012035656774,ek bagiya ma ke nam Nisha Bai Patel Mp-12-008-082-001/677 SHG 2827841,Ongoing,167326,1560.42,0.0,0.0,0,6,0,6,0.9325627816358486,1-4% expenditure
MAIHAR,MAIHAR,अभिषेक तिवारी,NADAN SHIVAPRASAD,1712008025/IF/22012035622352,ek bagiya ma ke nam anju devi mp12/008/025/001/761 shg 1669529,Ongoing,269569,522.0,10461.1,0.0,0,2,0,2,4.074318634561096,5-10% expenditure
MAIHAR,MAIHAR,जय अर्खेल,NAKTARA,1712008011/IF/22012035614990,ek ma ki bagiya ka nam maniya bai MP17120080110011041 samoohid 3607019,Ongoing,261930,519.42,44345.0,0.0,0,2,0,2,17.128400717749017,11-20% expenditure
MAIHAR,MAIHAR,राज रंजन तिवारी अति0,PAKARIYA,1712008116/IF/22012035620748,ek bagiya ma ke nam sheela varma mp12008116001915 shg 3463625,Ongoing,161488,12481.56,29828.0,3132.0,0,36,12,48,26.199816704646782,21-30% expenditure
MAIHAR,MAIHAR,राज रंजन तिवारी अति0,PALA,1712008053/IF/22012035658277,ek bagiya ma ke naam MP-12-008-053-001/871 SHG 21422,Ongoing,160028,10892.16,0.0,0.0,0,42,0,42,6.8064088784462715,5-10% expenditure
MAIHAR,MAIHAR,राज रंजन तिवारी अति0,PALA,1712008053/IF/22012035658239,ek bagiya ma ke naam Rajkumari Yadav MP-12-008-053-001/281 SHG 354963,Ongoing,160028,7783.38,0.0,0.0,0,30,0,30,4.863761341765191,5-10% expenditure
MAIHAR,MAIHAR,बृजेश सिंह,RAIGAWAN,1712008089/IF/22012035624718,ek bagiya ma ke nam rukmani patel mp/12/008/089/001/664 shg 3600766,Ongoing,160028,6517.95,32906.2,0.0,0,25,0,25,24.635782488064585,21-30% expenditure
MAIHAR,MAIHAR,बृजेश सिंह,RAIGAWAN,1712008089/IF/22012035624732,ek bagiya ma ke nam seema patel mp12/008/089/663 shg 2942061,Ongoing,160028,6509.43,32906.2,0.0,0,25,0,25,24.630458419776538,21-30% expenditure
MAIHAR,MAIHAR,अभिषेक तिवारी,RIGRA,1712008109/IF/22012035658037,ek bagiya ma ke naam Mamta Patel MP-12-008-109-001/820 SHG 1435838,Ongoing,160326,3128.28,0.0,0.0,0,12,0,12,1.9511994311590137,1-4% expenditure
MAIHAR,MAIHAR,योगेन्द्र सिंह,RIWARA,1712008079/IF/22012035645049,ek bagiya ma ke nam gayatree devi mp12/008/079/001/556 shg 3172428,Ongoing,261930,3130.98,0.0,0.0,0,12,0,12,1.195349902645745,1-4% expenditure
MAIHAR,MAIHAR,योगेन्द्र सिंह,RIWARA,1712008079/IF/22012035645045,ek bagiya ma ke namseeta singh mp 12/008/079/001/538 shg 6153156,Ongoing,261930,3130.98,0.0,0.0,0,12,0,12,1.195349902645745,1-4% expenditure
MAIHAR,MAIHAR,योगेन्द्र सिंह,RIWARA,1712008079/IF/22012035658263,ek bagiya ma ke naam Madhu Singh MP-12-008-079-002/130 SHG 447327,Ongoing,261930,3130.98,0.0,0.0,0,12,0,12,1.195349902645745,1-4% expenditure
MAIHAR,MAIHAR,बृजेश सिंह,SEMRA,1712008087/IF/22012035649915,ek bagiya ma ke namrekha chaudhari mp 12/008/087/002/399,Ongoing,162443,521.2,0.0,0.0,0,2,0,2,0.32085100619909757,1-4% expenditure
MAIHAR,MAIHAR,सुरेश सिंह,SONWARI,1712008037/IF/22012035657759,ek bagiya ma ke naam Lakhapati Singh MP-12-008-037-001/2325 SHG 22496,Ongoing,261930,4959.0,44345.0,0.0,0,12,7,19,18.82334974993319,11-20% expenditure
MAIHAR,MAIHAR,सुरेश सिंह,SONWARI,1712008037/IF/22012035657768,ek bagiya ma ke naam Satya Devi Singh MP-12-008-037-001/2355 SHG 22496,Ongoing,169127,1566.0,31754.4,0.0,0,6,0,6,19.70140781779373,11-20% expenditure
MAIHAR,MAIHAR,सुरेश सिंह,SONWARI,1712008037/IF/22012035614346,ek ma ki bagiya sunita singh mp 120080037001/2407 gram panchayat sonwari,Ongoing,261930,780.42,0.0,0.0,0,2,1,3,0.2979498339250945,1-4% expenditure
MAIHAR,MAIHAR,सुरेश सिंह,SONWARI,1712008037/IF/22012035614510,ek ma ki bagiya vimla bai mp12008037/001/2419,Ongoing,261930,519.42,44345.0,0.0,0,2,0,2,17.128400717749017,11-20% expenditure
MAIHAR,MAIHAR,बृजेश सिंह,SUHAULA,1712008069/IF/22012035606935,Ek baigiya maa ke nama padama pathak170015167766,Ongoing,261930,1204.11,0.0,0.0,0,7,0,7,0.4597067918909632,1-4% expenditure
MAIHAR,MAIHAR,बृजेश सिंह,SUHAULA,1712008069/IF/22012035609673,Ek baigiya maa ke nama sushila bai pathak170013197855,Ongoing,261930,519.42,0.0,0.0,0,2,0,2,0.1983048906196312,1-4% expenditure
MAIHAR,MAIHAR,बृजेश सिंह,SUHAULA,1712008069/IF/22012035616779,Ek baigiya maa ke nama chandra prabha tiwari,Ongoing,259940,779.13,0.0,0.0,0,3,0,3,0.29973455412787564,1-4% expenditure
MAIHAR,MAIHAR,बृजेश सिंह,TIGHARAKHURD,1712008056/IF/22012035606736,Ek bagiya maa ke naam sulochna bai patel MP12008056,Ongoing,261930,2604.18,14500.0,0.0,0,10,0,10,6.530057648990188,5-10% expenditure
MAIHAR,MAIHAR,बृजेश सिंह,TIGHARAKHURD,1712008056/IF/22012035606794,Ek bagiya maa ke naam urmila devi singh 2 MP12008056,Ongoing,261930,1038.84,0.0,0.0,0,4,0,4,0.3966097812392624,1-4% expenditure
MAIHAR,MAIHAR,राजा भैया सिंह,TILAURA,1712008092/IF/22012035616174,EK BAGIYA MAA KE NAME ROSHANI SINGH/AJAY SINGH MP12008092002167,Ongoing,156219,6342.0,43658.73,0.0,0,18,10,28,32.00681735256275,>30% expenditure
MAIHAR,MAIHAR,राजा भैया सिंह,TINDUHATA,1712008009/IF/22012035614551,EK BAGIYA MA KE NAME MAYA PRAJAPATI SHG RADHIKA 2554223,Ongoing,268877,1827.0,44345.0,0.0,0,7,0,7,17.17216422379006,11-20% expenditure
MAIHAR,MAIHAR,राजा भैया सिंह,TINDUHATA,1712008009/IF/22012035614589,EK BAGIYA MA KE NAME REKHA DWIVEDI SHG SHREE GANESH 2557327,Ongoing,164915,1827.0,33362.26,0.0,0,7,0,7,21.33781645089895,21-30% expenditure
MAIHAR,MAIHAR,राजा भैया सिंह,TINDUHATA,1712008009/IF/22012035614523,EK BAGIYA MA KE NAME ASHA PANDEY SHG RADHIKA 2554172,Ongoing,152536,1161.0,33362.26,0.0,0,7,0,7,22.632860439502807,21-30% expenditure
SATNA,MAJHGAWAN,आशीष तिवारी अति0,ARJUNPUR,1712001066/IF/22012035610366,एक बगिया मां के नाम कमला देवी यादव पति छबिलाल यादव समग्र आईडी 178846275,Ongoing,270961,15660.0,70236.92,0.0,0,60,0,60,31.700842556677898,>30% expenditure
SATNA,MAJHGAWAN,अखिलेश सोनी अति0,BADAKAN,1712001081/IF/22012035617171,एक बगिया मां के नाम अर्चना द्विवेदी पति शंकर दयाल द्विवेदी समग्र 157050325,Ongoing,261332,500.0,0.0,0.0,0,5,0,5,0.19132750677299373,1-4% expenditure
SATNA,MAJHGAWAN,अखिलेश सोनी,BADKHERA,1712001086/IF/22012035615675,एक बगिया मां के नाम बंदना शर्मा पति विनोद कुमार शर्मा समग्र 118932977,Ongoing,261332,10157.0,44345.0,0.0,0,47,0,47,20.85546354828341,21-30% expenditure
SATNA,MAJHGAWAN,रमाकांत त्रिपाठी अति0,BANKA,1712001082/IF/22012035622357,एक बगिया मां के नाम चुनीमानी सिंह पति बृजेन्द्र सिंह समग्र 103442756,Ongoing,171073,0.0,0.0,0.0,0,0,0,0,0.0,0% expenditure
SATNA,MAJHGAWAN,रमाकांत त्रिपाठी अति0,BANKA,1712001082/IF/22012035622334,एक बगिया मां के नाम सुनीता सिंह पति भाई लाल सिंह समग्र 103496110,Ongoing,261332,0.0,0.0,0.0,0,0,0,0,0.0,0% expenditure
SATNA,MAJHGAWAN,रमाकांत त्रिपाठी अति0,BANKA,1712001082/IF/22012035622384,एक बगिया मां के नाम लक्षिमिनिया मवासी पति रामजस मवासी समग्र 110460566,Ongoing,261332,0.0,0.0,0.0,0,0,0,0,0.0,0% expenditure
SATNA,MAJHGAWAN,देवेन्द्र सिंह,BARA,1712001060/IF/22012035624818,एक बगिया माँ के नाम प्रतिभा सिंह पति अनिरुद्ध प्रताप सिंह समग्र आईडी 302359727,Ongoing,170990,31386.0,0.0,0.0,0,126,0,126,18.355459383589682,11-20% expenditure
SATNA,MAJHGAWAN,अखिलेश सोनी अति0,BARAUN,1712001012/IF/22012035618497,Ek bagiya maa ke naam rashmi mishra w/o brajesh mishra samagra id 310245325,Ongoing,270961,54766.0,79481.86,18792.0,0,138,72,210,49.54508582415919,>30% expenditure
SATNA,MAJHGAWAN,आशीष तिवारी अति0,BHATHWA,1712001076/IF/22012035610012,एक बगिया मां के नाम गंगोत्री देवी गर्ग पति अरविन्‍द कुमार समग्र आईडी 200265696,Ongoing,270961,2330.0,0.0,0.0,0,9,0,9,0.8599023475703146,1-4% expenditure
SATNA,MAJHGAWAN,आशीष तिवारी अति0,BHATHWA,1712001076/IF/22012035612205,एक बगिया मां के नाम शोभा साहू पति रमइया साहू समग्र आईडी 23739695,Ongoing,270961,3000.0,0.0,0.0,0,12,0,12,1.1071704045969715,1-4% expenditure
SATNA,MAJHGAWAN,आशीष तिवारी अति0,BHATHWA,1712001076/IF/22012035612275,एक बगिया मां के नाम माया देवी यादव पति श्यामलाल यादव समग्र आईडी 22252959,Ongoing,270961,250.0,0.0,0.0,0,1,0,1,0.09226420038308096,1-4% expenditure
SATNA,MAJHGAWAN,आशीष तिवारी अति0,BHATHWA,1712001076/IF/22012035618501,एक बगिया मां के नाम प्रभावती यादव पति चुनुवा यादव समग्र 22264591,Ongoing,270961,0.0,0.0,0.0,0,0,0,0,0.0,0% expenditure
SATNA,MAJHGAWAN,अखिलेश सोनी अति0,BITMA,1712001010/IF/22012035624372,एक बगिया मां के नाम मिथलेश शर्मा पति संतोष शर्मा समग्र 101058002,Ongoing,169949,28188.0,0.0,0.0,0,108,0,108,16.58615231628312,11-20% expenditure
SATNA,MAJHGAWAN,आशीष तिवारी अति0,BRAMHIPUR,1712001062/IF/22012035610416,एक बगिया मां के नाम रीता श्रीवास्तव पति प्रेमचंद्र श्रीवास्तव समग्र आईडी 23072662,Ongoing,270961,20000.52,0.0,0.0,0,140,0,140,7.381327940183274,5-10% expenditure
SATNA,MAJHGAWAN,आशीष तिवारी अति0,BRAMHIPUR,1712001062/IF/22012035609832,एक बगिया मां के नाम रीता श्रीवास्‍तव पति महेद्र श्रीवास्‍तव समग्र आईडी 2112511877,Ongoing,270961,11914.0,0.0,0.0,0,65,0,65,4.396942733456107,5-10% expenditure
SATNA,MAJHGAWAN,आशीष तिवारी अति0,BRAMHIPUR,1712001062/IF/22012035610934,एक बगिया मां के नाम गेंदिया यादव पति रामऔतार यादव समग्र आईडी 118550021,Ongoing,270961,31900.0,41754.4,0.0,0,130,0,130,27.18265728278239,21-30% expenditure
SATNA,MAJHGAWAN,आशीष तिवारी अति0,BRAMHIPUR,1712001062/IF/22012035609929,एक बगिया मां के नाम सियालली यादव पति इन्‍द्रपाल यादव समग्र आईडी 112550721,Ongoing,270961,14999.85,41754.4,0.0,0,63,0,63,20.94554197836589,21-30% expenditure
SATNA,MAJHGAWAN,आशीष तिवारी अति0,BRAMHIPUR,1712001062/IF/22012035625360,एक बगिया मां के नाम विजरानी यादव पति बैजनाथ यादव समग्र आईडी 308967407,Ongoing,169850,0.0,0.0,0.0,0,0,0,0,0.0,0% expenditure
SATNA,MAJHGAWAN,आशीष तिवारी अति0,CHITAHRA,1712001040/IF/22012035614386,एक बगिया मां के नाम उषा सिंह पति कैलाश सिंह समग्र आईडी 184519156,Ongoing,258915,8750.0,31754.4,0.0,0,35,0,35,15.64389857675299,11-20% expenditure
SATNA,MAJHGAWAN,आशीष तिवारी,CHUWA,1712001024/IF/22012035616273,एक बगिया मां के नाम चुनवदिया पटेल पति कल्लू पटेल समग्र 194240420,Ongoing,166273,12789.0,0.0,0.0,0,26,23,49,7.691567482393413,5-10% expenditure
SATNA,MAJHGAWAN,आशीष तिवारी,CHUWA,1712001024/IF/22012035616281,एक बगिया मां के नाम ममता पति शिवकरण पटेल समग्र 190255867,Ongoing,166273,15921.0,0.0,0.0,0,26,35,61,9.575216661755064,5-10% expenditure
SATNA,MAJHGAWAN,आशीष तिवारी अति0,DEVLAHA,1712001092/IF/22012035612321,एक बगिया मां के नाम शाती मवासी पति रामशरण मवासी समग्र आईडी 115337925,Ongoing,270961,2500.0,31754.4,0.0,0,10,0,10,12.641819302408836,11-20% expenditure
SATNA,MAJHGAWAN,रमाकांत त्रिपाठी अति0,GUJHAWA,1712001021/IF/22012035625594,एक बगिया मां के नाम वर्षिता द्विवेदी पति रघुवंश द्विवेदी समग्र 130454667,Ongoing,169949,37584.0,63131.37,0.0,0,144,0,144,59.26211392829613,>30% expenditure
SATNA,MAJHGAWAN,अखिलेश सोनी अति0,HALAWAN,1712001003/IF/22012035622705,एक बगिया मां के नाम कलावती चतुर्वेदी पति राजललन समग्र 107727823,Ongoing,172025,15660.0,0.0,0.0,0,60,0,60,9.103328004650486,5-10% expenditure
SATNA,MAJHGAWAN,अखिलेश सोनी अति0,HARDI,1712001018/IF/22012035620446,एक बगिया मां के नाम शकुंन्‍तला देवी पति रामकलेश समग्र आईडी 157112658,Ongoing,172637,40619.8,39548.9,0.0,0,202,0,202,46.437727717696674,>30% expenditure
SATNA,MAJHGAWAN,अखिलेश सोनी अति0,HARDI,1712001018/IF/22012035658183,एक बगिया मां के नाम कौशिल्या देवी तिवारी पति सुरेश प्रसाद तिवारी समग्र 157577677,Ongoing,269450,6264.0,0.0,0.0,0,24,0,24,2.3247355724624232,1-4% expenditure
SATNA,MAJHGAWAN,अखिलेश सोनी अति0,HARDI,1712001018/IF/22012035658204,एक बगिया मां के नाम बी.बी. जाहीदुन निशा समग्र 142039814,Ongoing,168672,4698.0,0.0,0.0,0,18,0,18,2.785287421741605,1-4% expenditure
SATNA,MAJHGAWAN,अखिलेश सोनी अति0,HARDI,1712001018/IF/22012035658209,एक बगिया मां के नाम बी.बी. अजीजन निशा समग्र 192328182,Ongoing,168672,6264.0,0.0,0.0,0,24,0,24,3.7137165623221398,1-4% expenditure
SATNA,MAJHGAWAN,अखिलेश सोनी,HARDUWA,1712001054/IF/22012035613402,एक बगिया मां के नाम उर्मिला सिंह पति हेमराज सिंह समग्र आईडी 121415598,Ongoing,270961,11462.04,44480.6,0.0,0,54,0,54,20.64601178767424,21-30% expenditure
SATNA,MAJHGAWAN,सतीस समेले,HIRAUNDI,1712001063/IF/22012035613604,एक बगिया मां के नाम तपस्‍या जैसवाल पति सूधीर जैसवाल समग्र आईडी 192334800,Ongoing,261332,0.0,0.0,0.0,0,1,0,1,0.0,0% expenditure
SATNA,MAJHGAWAN,सतीस समेले,HIRAUNDI,1712001063/IF/22012035613495,एक बगिया मां के नाम सुनीता देवी पति कृष्‍णानंन्‍द जैसवाल समग्र आईडी 158227764,Ongoing,270961,500.0,47820.42,0.0,0,2,0,2,17.83297965389853,11-20% expenditure
SATNA,MAJHGAWAN,सतीस समेले,HIRAUNDI,1712001063/IF/22012035616243,एक बगिया मां के नाम कमला बाई पति दीनदयाल जैसवाल समग्र 157896602,Ongoing,270961,25300.0,47820.42,0.0,0,43,72,115,26.98558833190016,21-30% expenditure
SATNA,MAJHGAWAN,सतीस समेले,HIRAUNDI,1712001063/IF/22012035619000,एक बगिया मां के नाम रानी देवी पति नारेन्द्र सिंह समग्र आईडी 198044030,Ongoing,176471,0.0,0.0,0.0,0,0,0,0,0.0,0% expenditure
SATNA,MAJHGAWAN,सतीस समेले,HIRAUNDI,1712001063/IF/22012035620668,एक बगिया मां के नाम राधाबाई सेन पति गणेश प्रसाद सेन समग्र आईडी 157414607,Ongoing,261332,0.0,0.0,0.0,0,0,0,0,0.0,0% expenditure
SATNA,MAJHGAWAN,सतीस समेले,HIRAUNDI,1712001063/IF/22012035625549,एक बगिया मां के नाम बेटी बाई पति दिनेश सेन समग्र 186535874,Ongoing,165134,0.0,0.0,0.0,0,0,0,0,0.0,0% expenditure
SATNA,MAJHGAWAN,अखिलेश सोनी अति0,JAMUWANI,1712001016/IF/22012035625528,एक बगिया मां के नाम रानी त्रिपाठी पति इन्द्रवली त्रिपाठी समग्र 101537370,Ongoing,169949,261.0,0.0,0.0,0,1,0,1,0.15357548441002888,1-4% expenditure
SATNA,MAJHGAWAN,अखिलेश सोनी अति0,JAMUWANI,1712001016/IF/22012035625534,एक बगिया मां के नाम राजपति शुक्ला पति विश्वनाथ शुक्ला समग्र 101477795,Ongoing,169949,261.0,0.0,0.0,0,1,0,1,0.15357548441002888,1-4% expenditure
SATNA,MAJHGAWAN,अखिलेश सोनी अति0,JAMUWANI,1712001016/IF/22012035617246,एक बगिया मां के नाम संगीता मिश्रा पति हीरालाल मिश्रा समग्र 101533709,Ongoing,270961,250.0,30450.0,0.0,0,1,0,1,11.330043807042342,11-20% expenditure
SATNA,MAJHGAWAN,अखिलेश सोनी अति0,JAMUWANI,1712001016/IF/22012035617234,एक बगिया मां के नाम उर्मिला शुक्ला पति रजनीश शुक्ला समग्र 3302415413,Ongoing,270529,250.0,0.0,0.0,0,1,0,1,0.09241153443808242,1-4% expenditure
SATNA,MAJHGAWAN,अखिलेश सोनी अति0,JAMUWANI,1712001016/IF/22012035622430,एक बगिया मां के नाम सरिता त्रिपाठी पति बलराम त्रिपाठी समग्र 120690235,Ongoing,171026,250.02,38009.92,0.0,0,6,0,6,22.370832504999235,21-30% expenditure
SATNA,MAJHGAWAN,अखिलेश सोनी अति0,JAMUWANI,1712001016/IF/22012035622695,एक बगिया मां के नाम अनामिका त्रिपाठी पति पुष्पेन्द्र त्रिपाठी समग्र 302545373,Ongoing,270961,93699.0,102388.94,0.0,0,359,0,359,72.36758795546223,>30% expenditure
SATNA,MAJHGAWAN,अखिलेश सोनी अति0,JHONTA,1712001050/IF/22012035615619,एक बगिया मां के नाम गुल्ला साकेत पति दद्दा साकेत समग्र 104646055,Ongoing,174319,10628.94,31675.0,0.0,0,57,0,57,24.26811764638393,21-30% expenditure
SATNA,MAJHGAWAN,अखिलेश सोनी अति0,JHONTA,1712001050/IF/22012035620065,एक बगिया मां के नाम सविता चौधरी पति रामलाल चौधरी समग्र 104608181,Ongoing,259940,7830.0,44345.0,0.0,0,30,0,30,20.07193967838732,21-30% expenditure
SATNA,MAJHGAWAN,अखिलेश सोनी अति0,JHONTA,1712001050/IF/22012035622669,एक बगिया मां के नाम सुधा साकेत पति पुष्पेन्द्र साकेत समग्र 170247068,Ongoing,270961,6264.0,44345.0,0.0,0,24,0,24,18.677595668749376,11-20% expenditure
SATNA,MAJHGAWAN,अखिलेश सोनी अति0,JHONTA,1712001050/IF/22012035622819,एक बगिया मां के नाम संगीता बाई पति कृष्ण बिहारी समग्र 169710800,Ongoing,167805,0.0,0.0,0.0,0,0,0,0,0.0,0% expenditure
SATNA,MAJHGAWAN,अखिलेश सोनी अति0,JHONTA,1712001050/IF/22012035624822,एक बगिया माँ के नाम अंजना साकेत पति दयशंकर समग्र आईडी 103557970,Ongoing,167580,3132.0,0.0,0.0,0,12,0,12,1.8689581095596133,1-4% expenditure
SATNA,MAJHGAWAN,देवेन्द्र सिंह,KALWALIYA,1712001067/IF/22012035611406,एक बगिया मां के नाम नीता तिवारी पति दीपक कुमार तिवारी समग्र आईडी 196578124,Ongoing,265085,0.0,0.0,0.0,0,0,0,0,0.0,0% expenditure
SATNA,MAJHGAWAN,आशीष तिवारी,KANDAR,1712001025/IF/22012035614305,एक बगिया मां के नाम संध्‍या सिंह पति प्रदीप सिंह समग्र आईडी 169096091,Ongoing,270961,12500.0,70236.92,0.0,0,50,0,50,30.534623063835753,>30% expenditure
SATNA,MAJHGAWAN,आशीष तिवारी,KANDAR,1712001025/IF/22012035613562,एक बगिया मां के नाम बिटइया प्रजापति पति ददुआ प्रजापति समग्र आईडी 192283100,Ongoing,270961,4000.0,70236.92,0.0,0,16,0,16,27.397640250811,21-30% expenditure
SATNA,MAJHGAWAN,आशीष तिवारी,KANDAR,1712001025/IF/22012035614291,एक बगिया मां के नाम सोना वर्मा पति भगवान दीन समग्र आईडी 169081591,Ongoing,261332,4000.0,0.0,0.0,0,16,0,16,1.5306200541839499,1-4% expenditure
SATNA,MAJHGAWAN,आशीष तिवारी,KANDAR,1712001025/IF/22012035614349,एक बगिया मां के नाम आंक्षा सिंह पति मनभरण सिंह समग्र आईडी 135836828,Ongoing,270961,12320.0,70236.92,0.0,0,48,0,48,30.468192839559936,>30% expenditure
SATNA,MAJHGAWAN,आशीष तिवारी अति0,KELHAURA,1712001074/IF/22012035617106,एक बगिया मां के नाम दीपा सिंह पति फालगो सिंह समग्र 199313900,Ongoing,270961,14094.0,0.0,0.0,0,54,0,54,5.201486560796572,5-10% expenditure
SATNA,MAJHGAWAN,देवेन्द्र सिंह,KHANCH,1712001009/IF/22012035613349,एक बगिया मां के नाम रेख अग्निहोत्री पति संजय अग्निहोत्री समग्र आईडी 198683459,Ongoing,266760,250.0,0.0,0.0,0,4,0,4,0.09371719898035688,1-4% expenditure
SATNA,MAJHGAWAN,देवेन्द्र सिंह,KHANCH,1712001009/IF/22012035616152,एक बगिया मां के नाम प्यारी बाई पति जयलाल वर्मा समग्र 109956957,Ongoing,270961,250.0,0.0,0.0,0,4,0,4,0.09226420038308096,1-4% expenditure
SATNA,MAJHGAWAN,देवेन्द्र सिंह,KHANCH,1712001009/IF/22012035617265,एक बगिया मां के नाम सुमित्रा देवी पति अवधविहारी समग्र 187019883,Ongoing,271759,0.0,0.0,0.0,0,0,0,0,0.0,0% expenditure
SATNA,MAJHGAWAN,रमाकांत त्रिपाठी,KHARAHA,1712001072/IF/22012035614564,एक बगिया मां के नाम नथुनिया पति रमेश प्रसाद समग्र आईडी 133754698,Ongoing,270961,1250.0,40907.07,0.0,0,5,0,5,15.558353416174283,11-20% expenditure
SATNA,MAJHGAWAN,रमाकांत त्रिपाठी,KHARAHA,1712001072/IF/22012035614578,एक बगिया मां के नाम राजकुमारी ललित किशोर पटेल समग्र आईडी 136990519,Ongoing,270961,1250.0,40908.86,0.0,0,5,0,5,15.559014027849027,11-20% expenditure
SATNA,MAJHGAWAN,आशीष तिवारी,KHOHI,1712001026/IF/22012035614482,एक बगिया मां के नाम मंजू वर्मा पति अंबिका प्रसाद समग्र आईडी 178083504,Ongoing,261332,750.0,0.0,0.0,0,3,0,3,0.2869912601594906,1-4% expenditure
SATNA,MAJHGAWAN,आशीष तिवारी,KHOHI,1712001026/IF/22012035626468,एक बगिया मां के नाम लीलावती यादव पति रामप्रसाद यादव समग्र 142825417,Ongoing,169949,0.0,0.0,0.0,0,0,0,0,0.0,0% expenditure
SATNA,MAJHGAWAN,सतीस समेले,KHUTAHA,1712001077/IF/22012034609198,Phaludhan SMT Ranjana garg,Ongoing,169471,7860.0,0.0,0.0,0,42,0,42,4.637961657156682,5-10% expenditure
SATNA,MAJHGAWAN,आशीष तिवारी अति0,MAHTAIN,1712001079/IF/22012035610198,एक बगिया मां के नाम जहरी पाल पति गया पाल समग्र आईडी 32243323,Ongoing,270961,5450.0,0.0,0.0,0,21,0,21,2.011359568351165,1-4% expenditure
SATNA,MAJHGAWAN,रमाकांत त्रिपाठी,NAKAILA,1712001045/IF/22012035622728,एक बगिया मां के नाम खुशबू त्रिपाठी पति भागवत प्रसाद त्रिपाठी समग्र 200226818,Ongoing,169949,49320.0,75671.59,0.0,0,192,0,192,73.5465286644817,>30% expenditure
SATNA,MAJHGAWAN,रमाकांत त्रिपाठी,NAKAILA,1712001045/IF/22012035659385,एक बगिया मां के नाम आशा सिंह पति राममनोहर सिंह समग्र 36779237,Ongoing,166966,2610.0,0.0,2610.0,0,0,10,10,1.5631925062587593,1-4% expenditure
SATNA,MAJHGAWAN,आशीष तिवारी,NARDAHA,1712001027/IF/22012035625269,एक बगिया मां के नाम प्रभावती विश्वकर्मा पति रामेश्वर विश्वकर्मा समग्र 308220649,Ongoing,169850,0.0,0.0,0.0,0,0,0,0,0.0,0% expenditure
SATNA,MAJHGAWAN,आशीष तिवारी,NARDAHA,1712001027/IF/22012035619579,एक बगिया मां के नाम प्रेमा शिवहरे पति सियाशरण समग्र आईडी 177339531,Ongoing,172520,0.0,0.0,0.0,0,0,0,0,0.0,0% expenditure
SATNA,MAJHGAWAN,आशीष तिवारी,NARDAHA,1712001027/IF/22012035619583,एक बगिया मां के नाम सुशीला पति राजाराम शिवहरे समग्र आईडी 114447038,Ongoing,172619,0.0,0.0,0.0,0,0,0,0,0.0,0% expenditure
SATNA,MAJHGAWAN,रमाकांत त्रिपाठी अति0,PAGARKHURD,1712001051/IF/22012035611064,एक बगिया मां के नाम अपूर्वा सिंह पति रानू सिंह समग्र आईडी 119057749,Ongoing,270961,444.48,40781.79,0.0,0,18,0,18,15.214835345307998,11-20% expenditure
SATNA,MAJHGAWAN,आशीष तिवारी अति0,PATNAKHURD,1712001091/IF/22012035620110,एक बगिया मां के नाम बिन्नू बाई पति हुकुम सिंह समग्र 177181791,Ongoing,270961,0.0,0.0,0.0,0,0,0,0,0.0,0% expenditure
SATNA,MAJHGAWAN,रमाकांत त्रिपाठी,PINDRA,1712001034/IF/22012035614155,एक बगिया मां के नाम संतोष कुशवाहा पति रामहृदय कुशवाहा समग्र आईडी 143198139,Ongoing,261332,2000.0,40795.56,0.0,0,8,0,8,16.37593559150812,11-20% expenditure
SATNA,MAJHGAWAN,आशीष तिवारी अति0,PUTARICHUWA,1712001078/IF/22012035612589,एक बगिया मां के नाम खोखलहाई मवासी पति कुंदेश मवासी समग्र आईडी 135762568,Ongoing,266760,0.0,0.0,0.0,0,0,0,0,0.0,0% expenditure
SATNA,MAJHGAWAN,आशीष तिवारी अति0,PUTARICHUWA,1712001078/IF/22012035613374,एक बगिया मां के नाम अनारकली पाण्‍डेय पति लखनजी पाण्‍डेय समग्र आईडी 136998349,Ongoing,270961,0.0,0.0,0.0,0,0,0,0,0.0,0% expenditure
SATNA,MAJHGAWAN,आशीष तिवारी अति0,PUTARICHUWA,1712001078/IF/22012035613584,एक बगिया मां के नाम शांन्ति देवी द्विवेदी पति नारायण द्विवेदी समग्र आईडी 136990519,Ongoing,270961,0.0,0.0,0.0,0,0,0,0,0.0,0% expenditure
SATNA,MAJHGAWAN,देवेन्द्र सिंह,RIMARI,1712001013/IF/22012035616229,एक बगिया मां के नाम बबली मिश्रा पति राजधर मिश्रा समग्र 141159515,Ongoing,162464,10962.0,40095.67,0.0,0,42,0,42,31.427066919440616,>30% expenditure
SATNA,MAJHGAWAN,रमाकांत त्रिपाठी,SADA,1712001090/IF/22012035626351,एक बगिया मां के नाम सियापती यादव पति रामनरेश यादव समग्र 136135700,Ongoing,166357,31581.0,75668.9,0.0,0,121,0,121,64.46972474858286,>30% expenditure
SATNA,MAJHGAWAN,रमाकांत त्रिपाठी,SADA,1712001090/IF/22012035625904,एक बगिया मां के नाम सुषमा पति लवकुश यादव समग्र 28858665,Ongoing,169949,49580.0,75670.37,0.0,0,190,0,190,73.6987978746565,>30% expenditure
SATNA,MAJHGAWAN,रमाकांत त्रिपाठी,SADA,1712001090/IF/22012035632350,एक बगिया मां के नाम रन्नुवा यादव पति दादूलाल यादव समग्र 2088310,Ongoing,266760,45414.0,0.0,0.0,0,174,0,174,17.024291497975707,11-20% expenditure
SATNA,MAJHGAWAN,रमाकांत त्रिपाठी अति0,SELAURA,1712001007/IF/22012035611147,एक बगिया मां के नाम दुखिया कोल पति राजभान कोल समग्र आईडी 177050601,Ongoing,160277,250.02,0.0,0.0,0,9,0,9,0.155992438091554,1-4% expenditure
SATNA,MAJHGAWAN,रमाकांत त्रिपाठी अति0,SELAURA,1712001007/IF/22012035611188,एक बगिया मां के नाम केशकली रावत पति सुनील रावत समग्र आईडी 308926668,Ongoing,258915,0.0,0.0,0.0,0,0,0,0,0.0,0% expenditure
SATNA,MAJHGAWAN,रमाकांत त्रिपाठी अति0,SELAURA,1712001007/IF/22012035625157,एक बगिया मां के नाम नीरू कोल पति मोती लाल कोल समग्र 149720698,Ongoing,167580,0.0,0.0,0.0,0,0,0,0,0.0,0% expenditure
SATNA,MAJHGAWAN,रमाकांत त्रिपाठी,SINGHPUR,1712001001/IF/22012035611740,एक बगिया मां के नाम प्रियंका शुक्‍ला पति अरूण कुमार समग्र आईडी 180736674,Ongoing,266760,2750.0,41534.02,0.0,0,11,0,11,16.600697255960412,11-20% expenditure
SATNA,MAJHGAWAN,रमाकांत त्रिपाठी,TERHIPATAMANIYA,1712001069/IF/22012035627403,एक बगिया मां के नाम देवकी देवी पति रामप्रसाद समग्र 150519440,Ongoing,168544,1566.0,0.0,0.0,0,12,0,12,0.9291342320106323,1-4% expenditure
SATNA,MAJHGAWAN,रमाकांत त्रिपाठी,TERHIPATAMANIYA,1712001069/IF/22012035641145,एक बगिया माँ के नाम रनुआ देवी पति बिहारी लाल समग्र 32149615,Ongoing,168544,3132.0,0.0,0.0,0,12,0,12,1.8582684640212646,1-4% expenditure
SATNA,MAJHGAWAN,सतीस समेले,TURRA,1712001037/IF/22012035658221,एक बगिया मां के नाम विमला रैकवार समग्र 107836446,Ongoing,242865,0.0,0.0,0.0,0,0,0,0,0.0,0% expenditure
SATNA,MAJHGAWAN,सतीस समेले,TURRA,1712001037/IF/22012035658225,एक बगिया मां के नाम राजकुमारी रैकवार समग्र 107851831,Ongoing,196532,0.0,0.0,0.0,0,0,0,0,0.0,0% expenditure
SATNA,NAGOD,कौशल पटेल अति0,AKOUNASATHIYA,1712003079/IF/22012035621612,एक बगिया माॅ के नाम अंजू सिंह / ओम प्रकाश सिंह परिहार अकौना साठिया,Ongoing,261542,23280.0,71160.0,1200.0,0,138,6,144,36.1089232322151,>30% expenditure
SATNA,NAGOD,राजीवलोचन त्रिपाठी,AMA,1712003093/IF/22012035610585,Ek Bagiya Maa Ke Naam Roopa Lodhi w/o Dharmendra Lodhi Application No 336293931 Gram Panchayat Ama,Ongoing,271148,24671.0,84242.6,3654.0,0,89,14,103,40.167583754997274,>30% expenditure
SATNA,NAGOD,संकल्प राणा,AMKUI,1712003039/IF/22012035620644,ek bagiya maa ke nam Pooja singh parihar w/o saupin singh shg 610829 gp amkui,Ongoing,168567,22291.0,0.0,0.0,0,98,0,98,13.223821981763928,11-20% expenditure
SATNA,NAGOD,संकल्प राणा,AMKUI,1712003039/IF/22012035623133,ek bagiya ma ke nam Sarla singh w/o jitendra singh shg 136166120 gp amkui,Ongoing,168617,16996.92,22440.0,0.0,0,71,0,71,23.38846023829151,21-30% expenditure
SATNA,NAGOD,हेमंत तिवारी,BARAPATTHAR,1712003052/IF/YD/22012035611495,एक माॅ बगिया के नाम सुनीता कुशवाहा/ राजेश कुशवाहा रजि0 नं0 5614345 बराज बारापत्थर,Ongoing,216048,32784.0,65404.4,0.0,0,144,0,144,45.44749314967044,>30% expenditure
SATNA,NAGOD,हेमंत तिवारी,BARAPATTHAR,1712003052/IF/YD/22012035615663,Ek Bagiya Ma Ke Name Renuka Tiwarai/Ramabhilash tiwari Baraj Barapatther,Ongoing,257692,35019.0,71784.4,0.0,0,138,0,138,41.4461450103224,>30% expenditure
SATNA,NAGOD,हेमंत तिवारी,BARAPATTHAR,1712003052/IF/YD/22012035615708,Ek Bagiya Ma Ke Name Susheela / Rakesh kushwaha Baraj Barapatther,Ongoing,258608,1256.01,0.0,0.0,0,9,0,9,0.48568103074924207,1-4% expenditure
SATNA,NAGOD,कौशल पटेल,BHAIHAI,1712003076/IF/22012035612420,एक बगिया मॉ के नाम बंदी बाई कुशवाहा/ रामनारायण कुशवाहा रजि0 नं0 4248897 भैहाई,Ongoing,170336,3760.0,0.0,0.0,0,22,0,22,2.2074018410670675,1-4% expenditure
SATNA,NAGOD,कौशल पटेल,BHAIHAI,1712003076/IF/22012035612516,एक बगिया मॉ के नाम आशा बाई / रामसेवक कुशवाहा रजि0 नं0 1828346 भैहाई,Ongoing,165832,19330.0,60180.0,1750.0,0,88,7,95,47.946114139611176,>30% expenditure
SATNA,NAGOD,कौशल पटेल,BHAIHAI,1712003076/IF/22012035622901,ek bagiya maa ke nam Rani kushwaha w/o raju kushwaha shg 185283702 gp bhaihai,Ongoing,181302,20349.96,71160.0,0.0,0,123,0,123,50.47377304166528,>30% expenditure
SATNA,NAGOD,राजीवलोचन त्रिपाठी,BHAJIKHERA,1712003064/IF/22012035614708,ek bagiya maa ke nam Priya singh vasya MP3331078 gp bhajikheda,Ongoing,269738,1003.0,0.0,0.0,0,7,0,7,0.37184230623790493,1-4% expenditure
SATNA,NAGOD,प्रमोद तिवारी,CHANDKUIYA,1712003087/IF/22012035611535,Ek Bagiya Maa Ke Naam Mitlesh Kushwaha 17001031817 Chandkuiya,Ongoing,170351,18640.0,39442.0,0.0,0,73,0,73,34.095485204078635,>30% expenditure
SATNA,NAGOD,प्रमोद तिवारी,CHANDKUIYA,1712003087/IF/22012035614716,ek bagiya maa ke nam Rajkumari gautam MP2399627gpChadkuiya,Ongoing,218539,25682.88,43437.0,0.0,0,101,0,101,31.628167054850625,>30% expenditure
SATNA,NAGOD,निशा तिवारी,CHHINDA,1712003054/IF/22012035602007,"एक बगिया माॅ के नाम ममता गुप्ता / विश्वनाथ गुप्ता , रजिस्ट्रेशन न0 2378019 ग्राम पंचायत छींदा",Ongoing,183534,2504.0,0.0,0.0,0,17,0,17,1.3643248662373184,1-4% expenditure
SATNA,NAGOD,निशा तिवारी,CHHINDA,1712003054/IF/22012035602177,एक बगिया माॅ के नाम मिथलेश गुप्ता/ कामता गुप्ता रजिस्ट्रेशन न0 2378020 ग्राम पंचायत छींदा,Ongoing,183534,2006.0,0.0,0.0,0,10,0,10,1.0929854958754237,1-4% expenditure
SATNA,NAGOD,कौशल पटेल अति0,DHAURHARA,1712003083/IF/22012035621682,ek bagiya maa ke nam Saroj singh w/o Bhawarjeet singh shg 103108 gp dhaurahra,Ongoing,261542,8050.1,0.0,0.0,0,65,0,65,3.0779377690772423,1-4% expenditure
SATNA,NAGOD,संकल्प राणा,DUDAHA,1712003045/IF/22012035610660,एक बगिया माँ के नाम खेरमाई समूह कामिनी सिंह,Ongoing,260627,35364.12,45252.2,0.0,0,194,0,194,30.93168397748507,>30% expenditure
SATNA,NAGOD,संकल्प राणा,DUREHA,1712003033/IF/22012035613601,एक बगिया माॅ के नाम गीता कुशवाहा / धीरेंद्र कुमार कुशवाहा दुरेहा,Ongoing,165650,242.0,0.0,0.0,0,1,0,1,0.1460911560519167,1-4% expenditure
SATNA,NAGOD,संकल्प राणा,DUREHA,1712003033/IF/22012035614594,एक बगिया माॅ के नाम रोहनी कुशवाहा दुरेहा,Ongoing,163788,854.0,0.0,0.0,0,4,0,4,0.5214057195887366,1-4% expenditure
SATNA,NAGOD,राजीवलोचन त्रिपाठी,DURGAPUR,1712003092/IF/22012035610662,Ek bagiya maa ke name karuna singh shakti SHG durgapur,Ongoing,181119,13737.0,78504.2,0.0,0,54,0,54,50.928505568162365,>30% expenditure
SATNA,NAGOD,राजीवलोचन त्रिपाठी,DURGAPUR,1712003092/IF/22012035613695,एक बगिया माॅ के नाम इंद्राणी/ राजकिशोर मोरा दुर्गापुर,Ongoing,169929,6336.0,32862.6,0.0,0,36,0,36,23.067634129548225,21-30% expenditure
SATNA,NAGOD,राजीवलोचन त्रिपाठी,DURGAPUR,1712003092/IF/22012035613714,एक बगिया माॅ के नाम गायत्री देवी /रामदीन दुर्गापुर,Ongoing,169929,5624.0,32572.6,0.0,0,30,0,30,22.477976095898875,21-30% expenditure
SATNA,NAGOD,राजीवलोचन त्रिपाठी,DURGAPUR,1712003092/IF/22012035610676,Ek bagiya maa ke name priti singh thakur baba SHG durgapur,Ongoing,261677,10962.0,76585.0,0.0,0,42,0,42,33.45613103176817,>30% expenditure
SATNA,NAGOD,राजीवलोचन त्रिपाठी,DWARI KHURD,1712003010/IF/22012035612387,एक बगिया मॉ के नाम शांती देवी शर्मा / हरिशंकर शर्मा रजि0 नं0 2765926 द्वारीखुर्द,Ongoing,166043,14614.0,32862.6,0.0,0,64,0,64,28.59295483700005,21-30% expenditure
SATNA,NAGOD,कौशल पटेल अति0,GINJARA,1712003090/IF/22012035613461,Ek Bagiya Maa Ke Naam Raniya Ahirwar W/O Kalka MP-12-003-090-001/167,Ongoing,170098,20307.06,69513.0,0.0,0,130,0,130,52.80488894637209,>30% expenditure
SATNA,NAGOD,कौशल पटेल अति0,GINJARA,1712003090/IF/22012035613481,Ek Bagiya Maa Ke naam Dhokiya Ahirwar W/O Ramvishwash MP-12-003-090-001/250,Ongoing,171557,15757.98,68415.0,0.0,0,136,0,136,49.06414777595784,>30% expenditure
SATNA,NAGOD,कौशल पटेल अति0,GINJARA,1712003090/IF/22012035612273,Eak Bagiya Maa Ke Naam Reetu Saket W/O Anju GP Ginjara MP-12-003-090-001/122,Ongoing,165351,252.0,0.0,0.0,0,2,0,2,0.1524030698332638,1-4% expenditure
SATNA,NAGOD,कौशल पटेल अति0,GINJARA,1712003090/IF/22012035614743,Ek Bagiya Maa Ke Naam Roshni W/O Sanjay Ahirwar MP-12-003-090-001/619 id no 4145799,Ongoing,165751,242.0,0.0,0.0,0,1,0,1,0.14600213573372106,1-4% expenditure
SATNA,NAGOD,कौशल पटेल अति0,GINJARA,1712003090/IF/22012035614749,Ek Bagiya Maa Ke Naam Seeta Ahirwar W/O Ajay MP-12-003-082-001/37 ID no 4118787,Ongoing,169848,252.0,0.0,0.0,0,2,0,2,0.1483679525222552,1-4% expenditure
SATNA,NAGOD,निशा तिवारी,ITMA,1712003065/IF/22012035624792,एक बगिया मॉ के नाम अनीता सिंह ग्राम पंचायत इटमा,Ongoing,165165,1200.0,0.0,0.0,0,8,0,8,0.7265461810916357,1-4% expenditure
SATNA,NAGOD,निशा तिवारी,ITMA,1712003065/IF/22012035614784,ek bagiya maa ke nam kjushbu singh w/o bhoopendra singh MP 6330785 gp Itma,Ongoing,179441,4490.0,0.0,0.0,0,29,0,29,2.5022152127997503,1-4% expenditure
SATNA,NAGOD,निशा तिवारी,ITMA,1712003065/IF/22012035614761,ek bagiya maa ke nam Jaya Tripathi w/o Uttam tripathi MP 6536030 gp Itma,Ongoing,170098,920.0,0.0,0.0,0,5,0,5,0.5408646780091476,1-4% expenditure
SATNA,NAGOD,रितेश राजपूत,JASO,1712003031/IF/22012035609652,EK BAGIYA MAA KE NAM SHILPA PATHAK/PARMESHWAR DAYAL PATHAK,Ongoing,170417,15466.0,32072.0,0.0,0,61,0,61,27.89510436165406,21-30% expenditure
SATNA,NAGOD,रितेश राजपूत,JASO,1712003031/IF/22012035610367,EK BAGIYA MAA KE NAM DURGA KUSHWAHA/ VISHWANATH KUSHWAHA,Ongoing,171074,25184.0,49963.46,0.0,0,98,0,98,43.92687375054069,>30% expenditure
SATNA,NAGOD,रितेश राजपूत,JHINGODAR,1712003022/IF/22012035612316,एक बगिया मॉ के नाम विदया / संजय कोल रजि0 नं0 365520 झिंगोदर,Ongoing,258249,28566.0,56354.66,0.0,0,110,0,110,32.883248337844485,>30% expenditure
SATNA,NAGOD,कौशल पटेल अति0,KACHANAR,1712003075/IF/22012035617801,ek bagiya ma ke nam Neelsm singh w/o Yadvendra singh 451376 tikuri gp kachnar,Ongoing,168984,2074.0,0.0,0.0,0,14,0,14,1.2273351323202195,1-4% expenditure
SATNA,NAGOD,संकल्प राणा,KALAWAL,1712003038/IF/22012035615239,ek bagiya maa ke nam manvati gautam 117309488 gp kalawal,Ongoing,167846,9627.04,22220.0,0.0,0,48,0,48,18.973964229114785,11-20% expenditure
SATNA,NAGOD,संकल्प राणा,KAPURI,1712003043/IF/22012035615396,एक बगिया माॅ के नाम अनुसुईया व्यास 110178177 कपूरी,Ongoing,223600,23970.96,51169.0,0.0,0,96,0,96,33.60463327370304,>30% expenditure
SATNA,NAGOD,संकल्प राणा,KAPURI,1712003043/IF/22012035619892,ek bagiya ma ke nam Ashok kali chaturvedi w/o Kanchhedi lal app 1151703 gp Kapuri,Ongoing,169048,24412.98,29690.0,0.0,0,102,0,102,32.00450759547584,>30% expenditure
SATNA,NAGOD,कौशल पटेल अति0,KATKONKALA,1712003078/IF/22012035621479,Ek Bagiya Maa Ke Naam Madhu Singh W/O Vinay Singh GP Katkonkala,Ongoing,261814,7696.99,0.0,0.0,0,57,0,57,2.9398695256938128,1-4% expenditure
SATNA,NAGOD,कौशल पटेल अति0,KHAIRA,1712003063/IF/22012035626245,ek bagiya maa ke nam Rajaniya Ahirwar w/o Rajman ahirwar shg121909986 gp khaira,Ongoing,168800,20379.96,71160.0,0.0,0,102,0,102,54.229834123222744,>30% expenditure
SATNA,NAGOD,कौशल पटेल,KHAMHARIYA KHURD,1712003002/IF/22012035618679,ek bagiya maa ke nam Nidhi Diwedi w/o Pradeep kumar diwedi 141608027 panas gp khamariyakhurd,Ongoing,165351,2810.02,0.0,0.0,0,13,0,13,1.6994272789399518,1-4% expenditure
SATNA,NAGOD,कौशल पटेल,KHAMHARIYA KHURD,1712003002/IF/22012035619654,ek bagiya maa ke nam Bimla bagri w/o Ramgopal bagrishg 467035 gp khamariya khurd,Ongoing,168981,11349.98,62970.0,0.0,0,47,0,47,43.98126416579379,>30% expenditure
SATNA,NAGOD,कौशल पटेल,KHAMHARIYA KHURD,1712003002/IF/22012035622932,ek bagiya maa ke nam Santosh diwedi w/o balmiki shg 141557764 gp panas khamariya khurd,Ongoing,168513,2789.98,0.0,0.0,0,13,0,13,1.6556467453549577,1-4% expenditure
SATNA,NAGOD,प्रमोद तिवारी,KONI,1712003024/IF/22012035615067,ek bagiya maa ke nam Meena Singh 195297888 gp koni,Ongoing,270789,602.0,0.0,0.0,0,4,0,4,0.2223133140563317,1-4% expenditure
SATNA,NAGOD,प्रमोद तिवारी,KONI,1712003024/IF/22012035625912,ek bagiya ma ke nam Ankita singh w/oanit singh parihar shg 102253 gp koni,Ongoing,168580,221.0,0.0,0.0,0,1,0,1,0.13109502906631867,1-4% expenditure
SATNA,NAGOD,रितेश राजपूत,MADA TOLA,1712003016/IF/22012035616940,ek bagiya ma ke nam Pravitasingh pariharw/oPushpraj singh shg Id 6042455 gp madatola,Ongoing,169550,21529.0,30894.48,0.0,0,95,0,95,30.91918608080212,>30% expenditure
SATNA,NAGOD,रितेश राजपूत,MADA TOLA,1712003016/IF/22012035622930,ek bagiya maa ke nam Priyanka ravi w/o pushpendra kumar ravi shg 2416687 gp madatola,Ongoing,168513,4840.0,39217.28,0.0,0,22,0,22,26.14473660785815,21-30% expenditure
SATNA,NAGOD,राजीवलोचन त्रिपाठी,MADAI,1712003013/IF/22012035616434,ek bagiya maa ke nam Rekha gautam w/o Udaysaran 1141846848 gp madai,Ongoing,169550,13408.0,32862.6,0.0,0,60,0,60,27.290238867590684,21-30% expenditure
SATNA,NAGOD,राजीवलोचन त्रिपाठी,MADAI,1712003013/IF/22012035616713,ek bagiya ma ke nam Foolbai verma w/o Ramkaran verma shg Id102128 gp Madai,Ongoing,169550,8386.0,0.0,0.0,0,41,0,41,4.946033618401651,5-10% expenditure
SATNA,NAGOD,कौशल पटेल,MAHTAIN,1712003074/IF/22012035612113,एक बगिया मॉ के नाम उषा मण्डल/शिवकुमार मण्डल रजि0 नं0 5030344 महतैन,Ongoing,177856,2185.0,0.0,0.0,0,15,0,15,1.2285219503418496,1-4% expenditure
SATNA,NAGOD,कौशल पटेल,MAHTAIN,1712003074/IF/22012035615015,ek bagiya maa ke nam Kamala mandal 2848214 Gp mahtain,Ongoing,166110,7802.0,68415.0,0.0,0,91,0,91,45.88345072542291,>30% expenditure
SATNA,NAGOD,कौशल पटेल,MAHTAIN,1712003074/IF/22012035615022,ek bagiya maa ke nam Taramati sardar 5456879 gp mahtain,Ongoing,182004,1187.0,0.0,0.0,0,7,0,7,0.6521834684951979,1-4% expenditure
SATNA,NAGOD,कौशल पटेल,MAHTAIN,1712003074/IF/22012035615054,ek bagiya maa ke nam Sarla Paik 104565923 gp mahtain,Ongoing,269738,1202.0,0.0,0.0,0,7,0,7,0.44561759930006156,1-4% expenditure
SATNA,NAGOD,कौशल पटेल अति0,MAJHGAWAN KHAIRUWA,1712003081/IF/22012035612546,एक बगिया मॉ के नाम एक बगिया मझगवां खैरूआ मॉ के नाम मिनाक्षी /आदित्य नारायण मिश्रा रजि0 नं0 369334,Ongoing,170667,30642.08,62925.0,4800.0,0,182,24,206,54.82435385868387,>30% expenditure
SATNA,NAGOD,कौशल पटेल अति0,MAJHGAWAN KHAIRUWA,1712003081/IF/22012035624785,एक बगिया मॉ के नाम प्रवीण मिश्रा / रामवली मिश्रा मझगवांखैरूआ,Ongoing,168800,573.0,0.0,0.0,0,3,0,3,0.33945497630331756,1-4% expenditure
SATNA,NAGOD,निशा तिवारी,MAUHARI,1712003035/IF/22012035601551,Ee Bagiya Ma Ke Nam Pinki Pandey GP Mauhari,Ongoing,183561,22082.0,58800.0,0.0,0,90,0,90,44.06273663795686,>30% expenditure
SATNA,NAGOD,कौशल पटेल,NONGARA,1712003084/IF/22012035602326,एक बगिया माॅ के नाम गौरी बाई / गिरजा प्रसाद रजिस्ट्रेशन नं0 3014519 ग्राम पंचायत नोनगरा,Ongoing,268911,22079.08,71214.0,0.0,0,118,0,118,34.69292070610723,>30% expenditure
SATNA,NAGOD,कौशल पटेल,NONGARA,1712003084/IF/22012035602399,एक बगिया माॅ के नाम मुन्नी बाई द्विवेदी/केवश प्रसाद द्विवेदी रजिस्ट्रेशन नं0 6181829 नोनगरा,Ongoing,268911,21816.34,70664.4,0.0,0,112,0,112,34.39083562963211,>30% expenditure
SATNA,NAGOD,कौशल पटेल,NONGARA,1712003084/IF/22012035602412,एक बगिया माॅ के नाम सावित्री /राजेन्द्र प्रसाद द्विवेदी रजिस्ट्रेशन नं0 4102144 ग्राम पंचायत नोनगरा,Ongoing,268911,3266.0,0.0,0.0,0,18,0,18,1.214528226811101,1-4% expenditure
SATNA,NAGOD,कौशल पटेल,NONGARA,1712003084/IF/22012035626924,ek bagiya ma ke nam Gayatri Pandey w/o Ram krashn pandey shg 468478,Ongoing,164981,490.0,21750.0,0.0,0,4,0,4,13.480340160382104,11-20% expenditure
SATNA,NAGOD,कौशल पटेल,PANGARA,1712003034/IF/22012035658948,एक बगिया माॅ के नाम बाबी/ धीरेंद्र कुशवाह पंगरा,Ongoing,170584,10405.08,0.0,0.0,0,56,0,56,6.099681095530648,5-10% expenditure
SATNA,NAGOD,संकल्प राणा,PANSI,1712003042/IF/22012035615098,ek bagiya maa ke nam Guddi bai kushwaha 3343418,Ongoing,270362,1372.0,0.0,0.0,0,7,0,7,0.5074677654404096,1-4% expenditure
SATNA,NAGOD,प्रमोद तिवारी,RAHIKWARA,1712003003/IF/22012035616419,ek bagiya maa ke nam Booti bai kushwaha193288994 gp Rahikwara,Ongoing,163457,8347.2,0.0,0.0,0,32,0,32,5.106664137969007,5-10% expenditure
SATNA,NAGOD,कौशल पटेल,RAUND (OF NAGOD),1712003086/IF/22012035611417,एक माॅ बगिया के नाम रज्जू राजा / राम प्रताप सिंह रजि0 नं 5398393 रौड,Ongoing,165829,3410.0,0.0,0.0,0,17,0,17,2.0563351404157295,1-4% expenditure
SATNA,NAGOD,कौशल पटेल,RAUND (OF NAGOD),1712003086/IF/22012035611385,एक माॅ बगिया के नाम प्रियंका पाण्डेय / अवध किशोर पाण्डेय रजि0 नं0 3429346 रौड,Ongoing,166254,2360.0,0.0,0.0,0,11,0,11,1.4195147184428647,1-4% expenditure
SATNA,NAGOD,कौशल पटेल,RAUND (OF NAGOD),1712003086/IF/22012035657841,एक बगिया मॉ के नाम रेखा पाण्डेय रौड,Ongoing,168672,0.0,0.0,0.0,0,0,0,0,0.0,0% expenditure
SATNA,NAGOD,कौशल पटेल,RAUND (OF NAGOD),1712003086/IF/22012035657848,एक बगिया मॉ के नाम प्रतिभा चतुर्वेदी रौड,Ongoing,168672,0.0,0.0,0.0,0,0,0,0,0.0,0% expenditure
SATNA,NAGOD,कौशल पटेल अति0,RERUWAKALAN,1712003058/IF/22012035615256,ek bagiya maa ke nam Anjana singh parihar 111088395 gp reruakala,Ongoing,185885,876.0,0.0,0.0,0,5,0,5,0.4712591118164457,1-4% expenditure
SATNA,NAGOD,कौशल पटेल अति0,RERUWAKALAN,1712003058/IF/22012035616153,एक बगिया माॅ के नाम लल्लन पाल 111258742 रेरुआकला,Ongoing,169929,3668.0,0.0,0.0,0,28,0,28,2.158548570285237,1-4% expenditure
SATNA,NAGOD,कौशल पटेल अति0,RERUWAKALAN,1712003058/IF/22012035619276,ek bagiya ma ke nam Vandanashukla shg no102705 gp reruakala,Ongoing,169305,7407.96,69845.25,0.0,0,32,0,32,45.62960928501817,>30% expenditure
SATNA,NAGOD,कौशल पटेल अति0,RERUWAKALAN,1712003058/IF/22012035619261,ek bagiya ma ke nam Vandana mishra app6066154 gp reruakala,Ongoing,169238,1084.0,0.0,0.0,0,6,0,6,0.6405180869544665,1-4% expenditure
SATNA,NAGOD,संकल्प राणा,RICHHUL,1712003041/IF/22012035610715,Ek Bagiya Maa ke naam Abhilasha dahayat /rajesh kumar dahayat 3716296 gp Richhul,Ongoing,170109,20182.94,30040.0,0.0,0,86,0,86,29.523975803749362,21-30% expenditure
SATNA,NAGOD,हेमंत तिवारी,SEMARWARA,1712003066/IF/22012035257267,Plantation Neelam lodhi ke khet me gp semarwara,Ongoing,173489,45414.0,0.0,0.0,0,174,0,174,26.176875767339713,21-30% expenditure
SATNA,NAGOD,हेमंत तिवारी,SEMARWARA,1712003066/IF/22012035613019,Ek Bagiya Maa Ke naam Arti Lodhi 302092868 Gram Panchayat Semarwara,Ongoing,269292,14838.0,73261.46,0.0,0,62,0,62,32.715216196545015,>30% expenditure
SATNA,NAGOD,हेमंत तिवारी,SEMARWARA,1712003066/IF/22012035613006,Ek Bagiya Maa Ke Naam Anjana Lodhi191849375 Gram Panchayat Semarwara,Ongoing,166516,5954.0,0.0,0.0,0,28,0,28,3.5756323716639846,1-4% expenditure
SATNA,NAGOD,हेमंत तिवारी,SEMARWARA,1712003066/IF/22012035615498,एक बगिया माॅ के नाम शीला लोधी 177967531,Ongoing,185357,15166.0,0.0,0.0,0,61,0,61,8.182048695220574,5-10% expenditure
SATNA,NAGOD,हेमंत तिवारी,SEMARWARA,1712003066/IF/22012035615513,एक बगिया माॅ के नाम शकुंतला लोधी 177966989 सेमरवारा,Ongoing,257692,8332.0,0.0,0.0,0,38,0,38,3.233317293513186,1-4% expenditure
SATNA,NAGOD,हेमंत तिवारी,SEMARWARA,1712003066/IF/22012035616427,ek bagiya maa ke nam Sakhiya bai lodhi 102858 gp semarwara,Ongoing,182587,16519.0,61909.17,0.0,0,65,0,65,42.953863089924255,>30% expenditure
SATNA,NAGOD,रितेश राजपूत,SEMRI,1712003048/IF/22012035613567,एक बगिया माॅ के नाम सुनीता / रामविश्वाश गर्ग सेमरी,Ongoing,170098,20073.0,39381.08,0.0,0,83,0,83,34.95283895166316,>30% expenditure
SATNA,NAGOD,रितेश राजपूत,SEMRI,1712003048/IF/22012035615086,ek bagiya maa ke nam Poonam singh 102536 gp semri,Ongoing,182428,750.0,0.0,0.0,0,5,0,5,0.4111210998311663,1-4% expenditure
SATNA,NAGOD,रितेश राजपूत,SEMRI,1712003048/IF/22012035615091,ek bagiya maa ke nam geeta singh /pushpendra singh 102536 gp semri,Ongoing,169550,450.0,0.0,0.0,0,3,0,3,0.26540843409023884,1-4% expenditure
SATNA,NAGOD,रितेश राजपूत,SEMRI,1712003048/IF/22012035615267,ek bagiya maa ke nam Anoopa singh 115618230 gp semri,Ongoing,167846,450.0,0.0,0.0,0,3,0,3,0.26810290385234087,1-4% expenditure
SATNA,NAGOD,रितेश राजपूत,SEMRI,1712003048/IF/22012035626242,ek bagiya maa ke nam Guman singh w/o shailendra singh shg116134937,Ongoing,164317,0.0,0.0,0.0,0,0,0,0,0.0,0% expenditure
SATNA,NAGOD,रितेश राजपूत,SEMRI,1712003048/IF/22012035623216,ek bagiya ma ke nam Suchita singh w/o Vivek pratap singh shg 115604910 gp semri,Ongoing,165165,0.0,0.0,0.0,0,0,0,0,0.0,0% expenditure
SATNA,NAGOD,राजीवलोचन त्रिपाठी,SHIVRAJPUR,1712003011/IF/22012035657855,एक बगिया मॉ के नाम गीता पाण्डेय शिवराजपुर,Ongoing,266760,21924.0,44345.0,0.0,0,84,0,84,24.84218023691708,21-30% expenditure
SATNA,NAGOD,संकल्प राणा,SIJAHTI,1712003036/IF/22012035616651,ek bagiya ma ke nam Pooja kushwaha w/o Vijay kushwaha shg Id 543308 gp sijahti,Ongoing,261025,48314.86,25750.0,0.0,0,225,0,225,28.37462312039077,21-30% expenditure
SATNA,NAGOD,संकल्प राणा,SIJAHTI,1712003036/IF/22012035616671,ek bagiya ma ke nam Rajabai kushwaha w/o baijnath kushwaha shg Id 543308/112459464 gp sijahti,Ongoing,185357,43142.1,22400.0,0.0,0,221,0,221,35.35992705967404,>30% expenditure
SATNA,NAGOD,कौशल पटेल,SINGHPUR (OF NAGOD),1712003073/IF/22012035614810,ek bagiya maa ke nam Meera bai mishraw/o ranjas mishra mp102973 gp singhpur,Ongoing,270063,18842.92,21750.0,0.0,0,93,0,93,15.030907603040772,11-20% expenditure
SATNA,NAGOD,निशा तिवारी,SITPURA,1712003070/IF/22012035603647,एक बगिया माॅ के नाम अराधना खरे / उदय नारायण रजिस्ट्रेश्न नं0 2366120 ग्राम पंचायत सितपुरा,Ongoing,263307,25908.0,0.0,0.0,0,110,0,110,9.839464959154142,5-10% expenditure
SATNA,NAGOD,निशा तिवारी,SITPURA,1712003070/IF/22012035603692,एक बगिया माॅ के नाम चन्द्रकुमारी/शिवश्ंकर खरे रजिस्ट्रेश्न नं0 6428570 ग्राम पंचायत सितपुरा,Ongoing,262099,19597.0,0.0,0.0,0,77,0,77,7.476945734245456,5-10% expenditure
SATNA,NAGOD,संकल्प राणा,UMARIHA,1712003025/IF/22012035614573,ek bagiya maa ke nam sangeeta kushwaha MP151955615 gp umariha,Ongoing,170465,5974.0,0.0,0.0,0,32,0,32,3.5045317220543803,1-4% expenditure
SATNA,NAGOD,संकल्प राणा,UMARIHA,1712003025/IF/22012035614739,ek bagiya maa ke nam bimla kushwaha MP6288123 gp umariha,Ongoing,169550,4326.01,0.0,0.0,0,28,0,28,2.5514656443526986,1-4% expenditure
SATNA,NAGOD,संकल्प राणा,UMARIHA,1712003025/IF/22012035614803,ek bagiya maa ke namJayanti kushwaha MP 302520069 gp umariha,Ongoing,170465,3714.0,0.0,0.0,0,21,0,21,2.178746370222626,1-4% expenditure
SATNA,NAGOD,संकल्प राणा,UMARIHA,1712003025/IF/22012035616701,ek bagiya ma ke nam Foola kushwaha w/o budhha kushwaha shg Id 623067 gp Umariha,Ongoing,169550,3580.0,0.0,0.0,0,14,0,14,2.1114715423179007,1-4% expenditure
SATNA,NAGOD,संकल्प राणा,UMARIHA,1712003025/IF/22012035622908,ek bagiya maa ke nam Seema kushwaha w/o dheeraj kushwaha shg 151877957 gp umariha,Ongoing,169452,3580.0,0.0,0.0,0,14,0,14,2.11269267993296,1-4% expenditure
SATNA,NAGOD,प्रमोद तिवारी,URDAN (OF NAGOD),1712003088/IF/22012035613327,Ek bagiya ma ke Nam Aneeta / sukhendra singh MP 114040751 Urdan,Ongoing,164035,1110.0,0.0,0.0,0,5,0,5,0.6766848538421678,1-4% expenditure
SATNA,NAGOD,प्रमोद तिवारी,URDAN (OF NAGOD),1712003088/IF/22012035614497,एक बगिया माॅ के नाम राजकली / वीरेंद्र सिंह पटेल उरदान,Ongoing,169934,5525.0,0.0,0.0,0,22,0,22,3.2512622547577292,1-4% expenditure
SATNA,NAGOD,प्रमोद तिवारी,URDAN (OF NAGOD),1712003088/IF/22012035614521,एक बगिया माॅ के नाम ज्योति सिंह / भूपेंद्र उरदान,Ongoing,166131,2285.03,0.0,0.0,0,9,0,9,1.3754386598527668,1-4% expenditure
SATNA,NAGOD,प्रमोद तिवारी,URDAN (OF NAGOD),1712003088/IF/22012035614544,एक बगिया माॅ के नाम गायत्री सिंह उरदान,Ongoing,169795,925.0,0.0,0.0,0,4,0,4,0.5447745811125181,1-4% expenditure
SATNA,NAGOD,प्रमोद तिवारी,URDAN (OF NAGOD),1712003088/IF/22012035614579,एक बगिया माॅ के नाम गीता कुशवाहा उरदान,Ongoing,169795,1610.0,0.0,0.0,0,7,0,7,0.9482022438823287,1-4% expenditure
SATNA,NAGOD,प्रमोद तिवारी,URDAN (OF NAGOD),1712003088/IF/22012035614794,ek bagiya maa ke nams SUNEETA DEVI PATELw/o samar singh patel mp 114195877 gp urdaan,Ongoing,169550,626.0,0.0,0.0,0,3,0,3,0.36921262164553226,1-4% expenditure
MAIHAR,RAMNAGAR,संजय गुप्ता,ARGAT,1712007041/IF/22012035602449,Ek bagiya maa ke naam susheela devi mishra w/o kailash prasad mishra,Ongoing,283061,261.0,1000.0,0.0,0,1,0,1,0.44548701516634226,1-4% expenditure
MAIHAR,RAMNAGAR,श्रीमती साधना सिंह,BABUPUR,1712007021/IF/22012035608510,एक बगिया माँ के नाम हितग्राही रीनू पटेल ज्योति स्व सहायता समूह ग्राम पंचायत बाबूपुर,Ongoing,142998,6258.96,31195.15,0.0,0,24,0,24,26.192051637085832,21-30% expenditure
MAIHAR,RAMNAGAR,श्रीमती साधना सिंह,BABUPUR,1712007021/IF/22012035651635,एक बगिया माँ के नाम हितग्राही प्रेमा पटेल ज्योति स्व सहायता समूह ग्राम पंचायत बाबूपुर,Ongoing,145097,4935.42,31195.15,0.0,0,19,0,19,24.90097658807556,21-30% expenditure
MAIHAR,RAMNAGAR,श्रीमती साधना सिंह,BABUPUR,1712007021/IF/22012035651662,एक बगिया माँ के नाम हितग्राही इंद्रा पटेल जय हनुमान स्व सहायता समूह ग्राम पंचायत बाबूपुर,Ongoing,154708,1813.42,1000.0,0.0,0,7,0,7,1.8185355637717509,1-4% expenditure
MAIHAR,RAMNAGAR,श्रीमती साधना सिंह,BABUPUR,1712007021/IF/22012035614909,एक बगिया मा के नाम हितग्राही नीलम पटेल गंगा आजीविका स्व सहायता समूह बाबूपुर ग्राम पंचायत बाबूपुर,Ongoing,270230,3384.96,31195.15,0.0,0,13,0,13,12.79654738556045,11-20% expenditure
MAIHAR,RAMNAGAR,राजा राम चंदेल,BADAITMA,1712007017/IF/YD/22012035614877,एक बागियाँ माँ के नाम हितग्राही सुशीला बाई रविदास आजीविका स्व सहायता बड़ा इटमा,Ongoing,142740,8874.0,0.0,0.0,0,34,0,34,6.216897856242118,5-10% expenditure
MAIHAR,RAMNAGAR,राजा राम चंदेल,BADAITMA,1712007017/IF/YD/22012035625817,एक बागियाँ माँ के नाम हितग्राही सुनीता रविदास आजीविका स्व सहायता बड़ा इटमा,Ongoing,142840,2088.0,1000.0,0.0,0,8,0,8,2.1618594231307755,1-4% expenditure
MAIHAR,RAMNAGAR,राजा राम चंदेल,BADAITMA,1712007017/IF/YD/22012035625818,एक बागियाँ माँ के नाम हितग्राही चंदा बाई रविदास आजीविका स्व सहायता समूह बड़ा इटमा,Ongoing,142997,2088.0,1000.0,0.0,0,8,0,8,2.1594858633397904,1-4% expenditure
MAIHAR,RAMNAGAR,राजा राम चंदेल,BADAITMA,1712007017/IF/YD/22012035625820,एक बागियाँ माँ के नाम हितग्राही बिट्टी बाई रविदास आजीविका स्व सहायता समूह बड़ा इटमा,Ongoing,142997,1044.0,1000.0,0.0,0,4,0,4,1.4294006167961566,1-4% expenditure
MAIHAR,RAMNAGAR,राजा राम चंदेल,BADWAR,1712007029/IF/22012035614740,एक बगिया माँ के नाम हितग्राही सविता पटेल ज्ञान गंगा स्वसहायता समूह ग्राम पंचायत बड़वार,Ongoing,282524,783.0,1000.0,0.0,0,3,0,3,0.6310968271722048,1-4% expenditure
MAIHAR,RAMNAGAR,राजा राम चंदेल,BADWAR,1712007029/IF/22012035626158,एक बगिया मा केनाम हितग्राही राजकुमारीपटेल पतिराजेंद्र ज्ञानगंगा आजीविका स्व सहायतासमूह पंचायत बडवार,Ongoing,142997,259.91,0.0,0.0,0,1,0,1,0.1817590578823332,1-4% expenditure
MAIHAR,RAMNAGAR,राजा राम चंदेल,BADWAR,1712007029/IF/22012035614728,एक बगिया माँ के नाम हितग्राही मनवसिया पटेल ज्ञान गंगा स्वसहायता समूह ग्राम पंचायत बड़वार,Ongoing,269831,261.0,1000.0,0.0,0,1,0,1,0.46732955071878324,1-4% expenditure
MAIHAR,RAMNAGAR,राजा राम चंदेल,BADWAR,1712007029/IF/22012035658062,एक बगिया मॉ के नाम हितग्राही शिवा पटेल शारदा मइया स्व सहा0 समूह ग्राम पंचायत बडवार,Ongoing,135000,1824.89,2000.0,0.0,0,7,0,7,2.833251851851852,1-4% expenditure
MAIHAR,RAMNAGAR,राजा राम चंदेल,BADWAR,1712007029/IF/22012035614936,एक बगिया मा के नाम हितग्राही सरस्वती पटेल संतोषी माँ आजीविका स्व सहायता समूह ग्राम पंचायत बडवार,Ongoing,142283,1566.0,31195.15,0.0,0,6,0,6,23.02534385696113,21-30% expenditure
MAIHAR,RAMNAGAR,राजा राम चंदेल,BADWAR,1712007029/IF/22012035623773,एक बगिया मा के नाम हितग्राही सिया दुलारी प्रजापतिगरिमा आजीविका स्व सहायता समूह ID126692247 GP बडवार,Ongoing,141964,520.91,1000.0,0.0,0,2,0,2,1.0713349863345636,1-4% expenditure
MAIHAR,RAMNAGAR,राजा राम चंदेल,BADWAR,1712007029/IF/22012035623790,एक बगिया मा के नाम आनीता साकेत महात्मा फूले आजीविका स्व सहायता समूह ID178758025 ग्राम पंचायत बडवार,Ongoing,141964,261.0,31195.15,0.0,0,1,0,1,22.157835789355047,21-30% expenditure
MAIHAR,RAMNAGAR,राजा राम चंदेल,BADWAR,1712007029/IF/22012035625790,एक बगिया माँ के नाम हितग्राही मोलिया पटेल स्नेहा आजीविका स्वसहायता समूह ग्राम पंचायत बड़वार,Ongoing,142683,261.0,1000.0,0.0,0,1,0,1,0.8837773245586369,1-4% expenditure
MAIHAR,RAMNAGAR,राजा राम चंदेल अति0,BELHAI,1712007058/IF/22012035655323,एक बगिया मॉ के नाम हितग्राही प्रियंका द्विवेदी आरती स्व सहायता समूह ग्राम करहिया ग्रा0पं0 बेलहाई,Ongoing,135000,259.91,31195.15,0.0,0,1,0,1,23.300044444444445,21-30% expenditure
MAIHAR,RAMNAGAR,राजा राम चंदेल अति0,BELHAI,1712007058/IF/22012035621521,एक बगिया माँ के नाम पुष्पा तिवारी पाण्डेय आजीविका स्व सहायता समूह करहिया बेल्हाई,Ongoing,262592,1825.98,31195.15,0.0,0,7,0,7,12.575070832317817,11-20% expenditure
MAIHAR,RAMNAGAR,राजा राम चंदेल अति0,BELHAI,1712007058/IF/22012035621522,एक बगिया माँ के नाम माया पाण्डेय पाण्डेय आजीविका स्व सहायता समूह(ID-298929) करहिया बेल्हाई,Ongoing,262592,1825.98,1000.0,0.0,0,7,0,7,1.0761866317328783,1-4% expenditure
MAIHAR,RAMNAGAR,राजा राम चंदेल अति0,BELHAI,1712007058/IF/22012035622991,एक बगिया माँ के नाम सविता कुशवाहा लक्ष्मी आजीविका स्व सहायता समूह बेल्हाई,Ongoing,140661,2086.98,31195.15,0.0,0,8,0,8,23.66123516824138,21-30% expenditure
MAIHAR,RAMNAGAR,राजा राम चंदेल अति0,BELHAI,1712007058/IF/22012035622993,एक बगिया माँ के नाम उर्मिला कुशवाहा विदया आजीविका स्व सहायता समूह) बेल्हाई,Ongoing,139438,2086.98,1000.0,0.0,0,8,0,8,2.213872832369942,1-4% expenditure
MAIHAR,RAMNAGAR,राजा राम चंदेल अति0,BELHAI,1712007058/IF/22012035625791,एक बगिया माँ के नाम मंजुला रानी पाण्डेय देवी आजीविका स्व सहायता समूह करहिया बेल्हाई,Ongoing,142840,2086.98,31195.15,0.0,0,8,0,8,23.300287034444136,21-30% expenditure
MAIHAR,RAMNAGAR,राजा राम चंदेल अति0,BHAMARAHA,1712007057/IF/22012035655357,एक बगिया मॉ के नाम हितग्राही अन्नू जायसवाल गायत्री महिला स्व सहायता समूह ग्राम भमरहा ग्रा0पं0 भमरहा,Ongoing,135000,1824.89,0.0,0.0,0,7,0,7,1.3517703703703703,1-4% expenditure
MAIHAR,RAMNAGAR,राजा राम चंदेल अति0,BHAMARAHA,1712007057/IF/22012035657860,एक बगिया मॉ के नाम हितग्राही शकुन्तला जायसवाल गायत्री महिला स्व सहायता समूह ग्राम पंचा0 भमरहा,Ongoing,135000,1824.89,31195.15,0.0,0,7,0,7,24.45928888888889,21-30% expenditure
MAIHAR,RAMNAGAR,राजा राम चंदेल अति0,BUDHABAUR,1712007066/IF/22012035619754,एक बगिया माँ के नाम उपमा द्विवेदी उपमा आजीविकास्व सहायता समूह बुढाबाऊर,Ongoing,141002,1827.0,31195.15,0.0,0,7,0,7,23.419632345640487,21-30% expenditure
MAIHAR,RAMNAGAR,श्रीमती साधना सिंह,CHANDWAR,1712007028/IF/22012035620537,एक बगिया माँ के नाम मनोरमा अहिरवार आदर्श आजीविकास्व सहायता समूह बटया चंदवार,Ongoing,140661,8077.92,31195.15,0.0,0,31,0,31,27.920368830023957,21-30% expenditure
MAIHAR,RAMNAGAR,संजय गुप्ता,CHHIRAHAI,1712007060/IF/22012035603210,Ek Bagiya Ma Ke Nam Archana Tiwari Jay Hanuman Ajeevika Shg Chhirhai,Ongoing,282015,13833.0,1000.0,0.0,0,53,0,53,5.259649309433896,5-10% expenditure
MAIHAR,RAMNAGAR,संजय गुप्ता,CHHIRAHAI,1712007060/IF/22012035619748,एक बगिया माँ के नाम सुषमा तिवारीकुबेर आजीविका सहायता समूह छिरहाई,Ongoing,142683,5742.0,1000.0,0.0,0,22,0,22,4.725159970003434,5-10% expenditure
MAIHAR,RAMNAGAR,श्रीमती साधना सिंह,DEORI,1712007032/IF/22012035658492,एक बगिया मॉ के नाम हितग्राही सरिता सिंह शक्ती स्व सहा0 समूह पटना ग्राम पंचायत देवरी,Ongoing,272885,1822.4,1000.0,0.0,0,7,0,7,1.0342818403356724,1-4% expenditure
MAIHAR,RAMNAGAR,श्रीमती साधना सिंह,DEORI,1712007032/IF/22012035658498,एक बगिया मॉ के नाम हितग्राही प्रभा सिंह शक्ती स्व सहा0 समूह पटना ग्राम पंचायत देवरी,Ongoing,142851,3388.46,31195.15,0.0,0,13,0,13,24.209568011424494,21-30% expenditure
MAIHAR,RAMNAGAR,श्रीमती साधना सिंह,DEORI,1712007032/IF/22012035658500,एक बगिया मॉ के नाम हितग्राही संतोष सिंह शक्ती स्व सहा0 समूह पटना ग्राम पंचायत देवरी,Ongoing,272176,3382.46,31195.15,0.0,0,13,0,13,12.704136294162602,11-20% expenditure
MAIHAR,RAMNAGAR,राजा राम चंदेल,DEVRA,1712007078/IF/22012035626978,एक बागियाँ माँ के नाम हितग्राही कुसुम यादव बजरंग स्व सहायता समूह 170028491299 ग्राम पंचायत देवरा,Ongoing,142997,261.0,1000.0,0.0,0,1,0,1,0.8818366818884312,1-4% expenditure
MAIHAR,RAMNAGAR,राजा राम चंदेल,DEVRA,1712007078/IF/22012035626979,एक बागियाँ माँ के नाम हितग्राही सुनीता यादव बजरंग स्व सहायता समूह170028491321 ग्राम पंचायत देवरा,Ongoing,142997,261.0,1000.0,0.0,0,1,0,1,0.8818366818884312,1-4% expenditure
MAIHAR,RAMNAGAR,राजा राम चंदेल,DEVRA,1712007078/IF/22012035626980,एक बागियाँ माँ के नाम हितग्राहीउर्मिला यादव बजरंग स्व सहायता समूह 170028491223ग्राम पंचायत देवरा,Ongoing,142997,261.0,1000.0,0.0,0,1,0,1,0.8818366818884312,1-4% expenditure
MAIHAR,RAMNAGAR,राजा राम चंदेल,DEVRA,1712007078/IF/22012035626977,एक बागियाँ माँ के नाम हितग्राही बूटान यादव बजरंग स्व सहायता समूह170028491275 ग्राम पंचायत देवरा,Ongoing,142997,261.0,1000.0,0.0,0,1,0,1,0.8818366818884312,1-4% expenditure
MAIHAR,RAMNAGAR,राजा राम चंदेल,DEVRA,1712007078/IF/22012035650336,एक बगिया मां के नाम हितग्राही बिमला सिंह तनुजा आजीविका समूह1439884721 ग्राम पंचायत देवरा,Ongoing,135000,259.91,1000.0,0.0,0,1,0,1,0.9332666666666668,1-4% expenditure
MAIHAR,RAMNAGAR,राजा राम चंदेल,DEVRA,1712007078/IF/22012035650346,एक बगिया मां के नाम हितग्राही संजू सिंह खेर माता आजीविका समूह ग्राम पंचायत देवरा,Ongoing,135000,259.91,1000.0,0.0,0,1,0,1,0.9332666666666668,1-4% expenditure
MAIHAR,RAMNAGAR,राजा राम चंदेल,DEVRA,1712007078/IF/22012035650364,एक बगिया मां के नाम हितग्राही गीता सिंह खेर माता स्व सहायता समूह 196510660ग्राम पंचायत देवरा,Ongoing,135000,259.91,1000.0,0.0,0,1,0,1,0.9332666666666668,1-4% expenditure
MAIHAR,RAMNAGAR,अनिल पाण्डेय,DEVRAMALHAI,1712007034/IF/22012035651640,दुर्गा दहिया मनोकामना आजीविका सहायता समूह देवरा मोल्हाई ग्राम पंचायत देवरा मोल्हाई,Ongoing,142998,261.0,1000.0,0.0,0,1,0,1,0.8818305151120994,1-4% expenditure
MAIHAR,RAMNAGAR,अनिल पाण्डेय,DEVRAMALHAI,1712007034/IF/22012035651648,एक बगिया माँ के नाम हितग्राही सरला पटेल अभियुक्ति स्व सहायता समूह देवरा मोल्हाई ग्राम पंचायत देवरा म,Ongoing,142998,261.0,32195.15,0.0,0,1,0,1,22.696925831130507,21-30% expenditure
MAIHAR,RAMNAGAR,अनिल पाण्डेय,DEVRAMALHAI,1712007034/IF/22012035620540,एक बगिया माँ के नाम रेखा कुशवाहा शिवआजीविकाआजीविकास्व सहायता समूह बरदाहा ग्राम पंचायतदेवरा मोल्हाई,Ongoing,142871,6525.0,32195.15,0.0,0,25,0,25,27.101476156812794,21-30% expenditure
MAIHAR,RAMNAGAR,अनिल पाण्डेय,DEVRAMALHAI,1712007034/IF/22012035620543,एक बगिया माँ के नाम सुनीता कुशवाहा शिव आजीविका आजीविकास्व सहायता समूह बरदाहा ग्राम पंचायत देवरा मोल,Ongoing,142683,6525.0,32195.15,0.0,0,25,0,25,27.137185228793903,21-30% expenditure
MAIHAR,RAMNAGAR,श्रीमती साधना सिंह,GAILAHARI,1712007005/IF/22012035657775,एक बगिया मॉ के नाम हितग्राही रामकली यादव दर्पण स्व सहायता समूह ग्राम गैलहरी ग्राम पंचायत गैलहरी,Ongoing,141446,5205.47,31195.15,0.0,0,20,0,20,25.734640781641048,21-30% expenditure
MAIHAR,RAMNAGAR,श्रीमती साधना सिंह,GAILAHARI,1712007005/IF/22012035657786,एक बगिया मॉ के नाम हितग्राही पूजा यादव दर्पण अजी0 स्व सहायता समूह ग्राम गैलहरी ग्राम पंचायत गैलहरी,Ongoing,141446,5205.47,31195.15,0.0,0,20,0,20,25.734640781641048,21-30% expenditure
MAIHAR,RAMNAGAR,श्रीमती साधना सिंह,GAILAHARI,1712007005/IF/22012035657819,एक बगिया मॉ के नाम हितग्राही कैलसिया यादव दर्पण अजी0 स्व सहायता समूह ग्राम गैलहरी ग्राम पंचा0 गैलहरी,Ongoing,141635,5205.47,0.0,0.0,0,20,0,20,3.675270942916652,1-4% expenditure
MAIHAR,RAMNAGAR,श्रीमती साधना सिंह,GAILAHARI,1712007005/IF/22012035657827,एक बगिया मॉ के नाम हितग्राही रामबाई यादव दर्पण अजी0 स्व सहायता समूह ग्राम गैलहरी ग्राम पंचा0 गैलहरी,Ongoing,141446,5205.47,1000.0,0.0,0,20,0,20,4.387165420018947,5-10% expenditure
MAIHAR,RAMNAGAR,श्रीमती साधना सिंह,GORSARI,1712007030/IF/22012035604556,एक बगिया माँ के नाम दुर्गा द्विवेदी बैभव स्व सहायता समूह गोरसरी,Ongoing,283190,18531.0,1000.0,0.0,0,71,0,71,6.896783078498535,5-10% expenditure
MAIHAR,RAMNAGAR,श्रीमती साधना सिंह,HARDUA,1712007027/IF/22012035602671,एक बगिया मा के नाम हितग्राही चन्द्रावती बुनकर ग्राम पंचायत हरदुआ,Ongoing,140974,4955.04,31195.15,0.0,0,25,0,25,25.643161150283035,21-30% expenditure
MAIHAR,RAMNAGAR,श्रीमती साधना सिंह,HARDUA,1712007027/IF/22012035605425,एक बगिया मां के नाम हितग्राही सुभद्रा पटेल ग्राम पंचायत हरदुआ,Ongoing,282015,7801.56,31195.15,0.0,0,18,12,30,13.827885041575803,11-20% expenditure
MAIHAR,RAMNAGAR,श्रीमती साधना सिंह,HARDUA,1712007027/IF/22012035609080,एक बगिया माँ के नाम हितग्राही अन्नू पटेल अंकिता स्व सहायता समूह किटहा ग्राम पंचायत हरदुआ,Ongoing,136783,7827.96,31195.15,0.0,0,6,24,30,28.529210501304984,21-30% expenditure
MAIHAR,RAMNAGAR,श्रीमती साधना सिंह,HARDUA,1712007027/IF/22012035609092,एक बगिया माँ के नाम हितग्राही शकुंतला कुशवाहा माँ सीता स्व सहायता समूह मडवार ग्राम पंचायत हरदुआ,Ongoing,135249,4693.98,31195.15,0.0,0,18,0,18,26.535597305710212,21-30% expenditure
MAIHAR,RAMNAGAR,श्रीमती साधना सिंह,HARDUA,1712007027/IF/22012035609149,एक बगिया माँ के नाम हितग्राही दुर्गा कुशवाहा अर्पिता स्व सहायता समूह मडवार ग्राम पंचायत हरदुआ,Ongoing,137665,15637.02,19932.55,6254.04,0,12,48,60,25.83777285439291,21-30% expenditure
MAIHAR,RAMNAGAR,श्रीमती साधना सिंह,HARDUA,1712007027/IF/22012035614769,एक बगिया माँ के नाम हितग्राही रुक्माँमनिया कृष्णा स्व सहायता समूह मडवार ग्राम पंचायत हरदुआ अमुआ,Ongoing,142283,3131.42,0.0,0.0,0,12,0,12,2.2008391726348195,1-4% expenditure
MAIHAR,RAMNAGAR,श्रीमती साधना सिंह,HARDUA,1712007027/IF/22012035614833,एक बगियाँ माँ के नाम हितग्राही प्रमिला पटेल दीनदयाल आजीविका समूह अमुआ ग्राम पंचयात हरदुआ,Ongoing,142283,3388.98,32195.15,0.0,0,13,0,13,25.00940379384748,21-30% expenditure
MAIHAR,RAMNAGAR,श्रीमती साधना सिंह,HARDUA,1712007027/IF/22012035614919,एक बगिया मा के नाम हितग्राही मीना पटेल शारदा पटेल आजीविका स्व सहायता समूह आमुआ ग्राम पंचायत हरदुआ,Ongoing,269831,5194.56,27231.35,0.0,0,20,0,20,12.017118122083822,11-20% expenditure
MAIHAR,RAMNAGAR,श्रीमती साधना सिंह,HARDUA,1712007027/IF/22012035614924,एक बगिया मा के नाम हितग्राही राजमती पटेल दीनदयाल आजीविका स्व सहायता समूह आमुआ ग्राम पंचायत हरदुआ,Ongoing,142712,3388.98,32195.15,0.0,0,13,0,13,24.93422417175851,21-30% expenditure
MAIHAR,RAMNAGAR,श्रीमती साधना सिंह,HARDUA,1712007027/IF/22012035655393,एक बगिया मॉ के नाम हितग्राही सोमवती बुनकर प्रतिमा स्व सहायता समूह ग्राम अमुआ ग्रा0पं0 हरदुआ,Ongoing,266760,2074.42,31195.15,0.0,0,8,0,8,12.471723646723646,11-20% expenditure
MAIHAR,RAMNAGAR,राजा राम चंदेल,HARRAI,1712007024/IF/22012035612905,एक बगिया माँ के नाम हितग्राही रश्मि गर्ग पंचवटी स्व सहायता समूह ग्राम पंचायत हर्रई,Ongoing,282015,6525.0,31195.15,0.0,0,25,0,25,13.375228267999931,11-20% expenditure
MAIHAR,RAMNAGAR,राजा राम चंदेल,HARRAI,1712007024/IF/22012035612917,एक बगिया माँ के नाम हितग्राही साधना पाण्डेय लक्ष्मी ईट निर्मपंचवटी स्वसहायता समूह ग्राम पंचायत हर्रई,Ongoing,134884,3915.0,32195.15,0.0,0,15,0,15,26.771262714628868,21-30% expenditure
MAIHAR,RAMNAGAR,संजय गुप्ता,HINAUTI,1712007050/IF/22012035605124,Ek Bagiya Maa Ke Naam Saroj Tiwari Hinauti,Ongoing,282015,6525.0,30607.15,0.0,0,25,0,25,13.16672872010354,11-20% expenditure
MAIHAR,RAMNAGAR,संजय गुप्ता,HINAUTI,1712007050/IF/22012035605276,Ek Bagiya Maa Ke Naam Sudha Mishra Hinauti,Ongoing,282015,6525.0,31195.15,0.0,0,25,0,25,13.375228267999931,11-20% expenditure
MAIHAR,RAMNAGAR,संजय गुप्ता,HINAUTI,1712007050/IF/22012035605331,Ek Bagiya Maa Ke Naam Gayatri Singh Hinauti,Ongoing,136299,261.0,1000.0,0.0,0,1,0,1,0.9251718647972471,1-4% expenditure
MAIHAR,RAMNAGAR,संजय गुप्ता,HINAUTI,1712007050/IF/22012035600716,Ek bagiya ma ke name geeta singh gram hinauti,Ongoing,283704,11484.0,31195.15,0.0,0,44,0,44,15.043548910131687,11-20% expenditure
MAIHAR,RAMNAGAR,संजय गुप्ता,JATTHAHATOLA,1712007053/IF/22012035601023,EK BAGIYA MAA KE NAAM NISHA YADAV GRAM DEVDAHI GP JATTAHATOLA,Ongoing,283436,21402.0,31195.15,0.0,0,82,0,82,18.55697582523039,11-20% expenditure
MAIHAR,RAMNAGAR,संजय गुप्ता,JATTHAHATOLA,1712007053/IF/22012035601055,EK BAGIYA MAA KE NAAM KIRAN SINGH GRAM DEVDAHI GP JATTAHATOLA,Ongoing,283897,22707.0,31195.15,0.0,0,87,0,87,18.9865162365224,11-20% expenditure
MAIHAR,RAMNAGAR,संजय गुप्ता,JATTHAHATOLA,1712007053/IF/22012035626074,एक बगिया माँ के नाम हितग्राही संगीता पाण्डेय शिवशक्ति आजीविका स्व सहायता समूह ग्राम पंचायत जठहांटोला,Ongoing,142997,261.0,1000.0,0.0,0,1,0,1,0.8818366818884312,1-4% expenditure
MAIHAR,RAMNAGAR,संजय गुप्ता,JATTHAHATOLA,1712007053/IF/22012035626087,एक बगिया माँ के नाम हितग्राहीगुड्डन केवट शिवशक्ति आजीविका स्व सहायता समूह ग्राम पंचायत जठःहांटोला,Ongoing,142997,261.0,1000.0,0.0,0,1,0,1,0.8818366818884312,1-4% expenditure
MAIHAR,RAMNAGAR,संजय गुप्ता,JHINNA,1712007052/IF/22012035626063,एक बगिया माँ के नाम हितग्राही गायत्री कुशवाहा माँ दुर्गा आजीविका स्व सहायता समूह ग्राम पंचायत झिना,Ongoing,142997,522.0,1000.0,0.0,0,2,0,2,1.0643579935243397,1-4% expenditure
MAIHAR,RAMNAGAR,संजय गुप्ता,JUDMANI,1712007048/IF/22012035604959,Ek Bagiya Ma Ke Naam USHA GUPTA Bhagirathi Ajeevika Shg Judmani,Ongoing,282126,11223.0,31195.15,0.0,0,43,0,43,15.03517931704274,11-20% expenditure
MAIHAR,RAMNAGAR,संजय गुप्ता,JUDMANI,1712007048/IF/22012035657883,एक बगिया मॉ के नाम हितग्राही बेलाकली विश्वकर्मा नवीन स्व सहायता समूह 170028706911 ग्रा0पं0 जुडवानी,Ongoing,141892,261.0,1000.0,0.0,0,1,0,1,0.8887040847968878,1-4% expenditure
MAIHAR,RAMNAGAR,संजय गुप्ता,JUDMANI,1712007048/IF/22012035657885,एक बगिया मॉ के नाम हितग्राही चन्द्रप्रभा सेन जय मा लक्ष्मी अजी0 स्व सहा0 समूह 170041396068,Ongoing,141892,261.0,1000.0,0.0,0,1,0,1,0.8887040847968878,1-4% expenditure
MAIHAR,RAMNAGAR,राजा राम चंदेल अति0,KAITHAHA,1712007067/IF/22012035602666,एक बगिया मा के नाम हितग्राही आनीता बैस ग्राम पंचायत कैथाहा,Ongoing,282015,4959.0,1000.0,0.0,0,19,0,19,2.113008173324114,1-4% expenditure
MAIHAR,RAMNAGAR,राजा राम चंदेल,KHARA,1712007003/IF/22012035614886,एक बगियाँ माँ के नाम हितग्राही सुनीता साहू शारदा अजिविका स्व सहायता समूह (170028666598)खारा,Ongoing,142732,9918.0,1000.0,0.0,0,38,0,38,7.649300787489841,5-10% expenditure
MAIHAR,RAMNAGAR,राजा राम चंदेल अति0,MAJHATOLWA,1712007065/IF/22012035616534,एक बगिया माँ के नाम हितग्राही राजवती गोंड महादेव आजीविका सहायता समूह रझऊ ग्राम पंचायत माझटोलवा,Ongoing,142404,1827.0,31195.15,0.0,0,7,0,7,23.18906070054212,21-30% expenditure
MAIHAR,RAMNAGAR,राजा राम चंदेल अति0,MANAKISAR,1712007056/IF/22012035608465,एक बगिया माँ के नाम मुन्नी प्रजापति प्रजापतिआजीविका स्व सहायता समूह सुहिला मनकिसर,Ongoing,132223,17226.0,0.0,0.0,0,66,0,66,13.02799059165198,11-20% expenditure
MAIHAR,RAMNAGAR,राजा राम चंदेल अति0,MANAKISAR,1712007056/IF/22012035657876,एक बगिया मॉ के नाम हितग्राही दुर्गावती कुशवाहा ओम अजी0 स्व सहायता समूह ग्राम सुहिला ग्रा0पं0 मनकीशर,Ongoing,135000,259.91,1000.0,0.0,0,1,0,1,0.9332666666666668,1-4% expenditure
MAIHAR,RAMNAGAR,राजा राम चंदेल अति0,MANAKISAR,1712007056/IF/22012035607877,एक बगिया माँ के नाम सविता कुशवाहा शारदा आजीविका स्व सहायता समूह सुहिला मनकिसर,Ongoing,132014,261.0,1000.0,0.0,0,1,0,1,0.9552017210295878,1-4% expenditure
MAIHAR,RAMNAGAR,राजा राम चंदेल अति0,MANAKISAR,1712007056/IF/22012035626595,"एक बगिया मां के नाम हितग्राही मीना कुशवाहा सुहिला ,साधना आजीविका स्व सहायता समूह सुहिला ग्राम पंचायत",Ongoing,142997,261.0,31195.15,0.0,0,1,0,1,21.997769183968895,21-30% expenditure
MAIHAR,RAMNAGAR,श्रीमती साधना सिंह,MIRGAUTI (NEW),1712007008/IF/22012035583417,एक बगियाँ माँ के नाम मनीषा पटेल मिरगौती,Ongoing,142168,12004.44,1000.0,0.0,0,46,0,46,9.147234258060886,5-10% expenditure
MAIHAR,RAMNAGAR,श्रीमती साधना सिंह,MIRGAUTI (NEW),1712007008/IF/22012035604879,एक बागियां माँ के नाम किरण पटेल मंगलम स्व सहायता समूह मिरगौती,Ongoing,282921,11997.96,31195.15,0.0,0,46,0,46,15.266844808268033,11-20% expenditure
MAIHAR,RAMNAGAR,राजा राम चंदेल अति0,MURTIHAI,1712007064/IF/22012035655716,एक बगिया मॉ के नाम हितग्राही शशी सिंह सूरज अजी0 स्व सहायता समूह गोडहाटोला ग्रा0 पंचा0 मूर्तिहाई,Ongoing,135000,1824.89,31195.15,0.0,0,7,0,7,24.45928888888889,21-30% expenditure
MAIHAR,RAMNAGAR,राजा राम चंदेल अति0,MURTIHAI,1712007064/IF/22012035655558,एक बगिया मॉ के नाम हितग्राही रा रोमवती सिंहशनी स्व सहायता समूह17001093180 गोडहाटोला ग्चायत मूर्तिहाई,Ongoing,135000,259.91,31195.15,0.0,0,1,0,1,23.300044444444445,21-30% expenditure
MAIHAR,RAMNAGAR,राजा राम चंदेल अति0,MURTIHAI,1712007064/IF/22012035655559,एक बगिया मॉ के नाम हितग्राही श्रीमती सचिन सिंह आरती अजी0 स्व सहा0समूह393637 गोडहाटोला मूर्तिहाई,Ongoing,135000,259.91,31195.15,0.0,0,1,0,1,23.300044444444445,21-30% expenditure
MAIHAR,RAMNAGAR,राजा राम चंदेल अति0,MURTIHAI,1712007064/IF/22012035658295,एक बगिया मॉ के नाम हितग्राही केमलाबाई सिंह गोड दीपांजली अजी0 स्वसहा0समूह167309506ग्रामपंचायतमूर्तिहई,Ongoing,135000,259.91,1000.0,0.0,0,1,0,1,0.9332666666666668,1-4% expenditure
MAIHAR,RAMNAGAR,राजा राम चंदेल,NADO,1712007020/IF/22012035608717,एक बगिया माँ के नाम राजकुमारी सिंह स्नेहा आजीविका स्व सहायता समूह ग्राम नादो,Ongoing,282015,15397.98,31195.15,0.0,0,59,0,59,16.521507721220505,11-20% expenditure
MAIHAR,RAMNAGAR,राजा राम चंदेल,NADO,1712007020/IF/22012035614947,एक बगिया मा के नाम हितग्राही अंजना सिंह स्नेहा आजीविका स्व सहायता समूह नादो ग्राम पंचायत नादो,Ongoing,281438,3130.98,0.0,0.0,0,12,0,12,1.112493693104698,1-4% expenditure
MAIHAR,RAMNAGAR,राजा राम चंदेल,NADO,1712007020/IF/22012035614953,एक बगिया मा के नाम हितग्राही गिरिजा सिंह स्नेहा आजीविका स्व सहायता समूह नादो ग्राम पंचायत नादो,Ongoing,281438,3130.98,0.0,0.0,0,12,0,12,1.112493693104698,1-4% expenditure
MAIHAR,RAMNAGAR,राजा राम चंदेल,NADO,1712007020/IF/22012035655304,एक बगिया मॉ के नाम हितग्राही रेखा द्विवेदी मॉ शारदा स्व सहायता समूह ग्राम नादों ग्राम पंचायत नादों,Ongoing,135000,520.91,31195.15,0.0,0,2,0,2,23.49337777777778,21-30% expenditure
MAIHAR,RAMNAGAR,अनिल पाण्डेय,NARAYANPUR,1712007037/IF/22012035616533,एक बगिया माँ के नाम हितग्राही शांति साकेत लक्ष्मी सहायता समूह मझगवां ग्राम पंचायत नारायपुर,Ongoing,136254,9657.0,1000.0,0.0,0,37,0,37,7.821421756425499,5-10% expenditure
MAIHAR,RAMNAGAR,अनिल पाण्डेय,PADMI,1712007039/IF/22012035622995,एक बगिया मा के नाम हितग्राही काजल पटेल कृष्णा आजीवि(ID180807713),Ongoing,141887,522.0,1000.0,0.0,0,2,0,2,1.0726846011262483,1-4% expenditure
MAIHAR,RAMNAGAR,अनिल पाण्डेय,PADMI,1712007039/IF/22012035622996,एक बगिया मा के नाम हितग्राही नीलू सिंह श्री आजीविका स्व सहायता समूह अमिलिया ग्राम पंचायत पदमी,Ongoing,270230,261.0,1000.0,0.0,0,1,0,1,0.46663952928986424,1-4% expenditure
MAIHAR,RAMNAGAR,अनिल पाण्डेय,PADMI,1712007039/IF/22012035626177,एक बगिया मा के नाम हितग्राही ज्योति तिवारी उदय आजीविका स्व सहायता समूह अमिलिया ग्राम पंचायत पदमी,Ongoing,142997,1566.0,32195.15,0.0,0,6,0,6,23.60969111240096,21-30% expenditure
MAIHAR,RAMNAGAR,राजा राम चंदेल अति0,PAIPAKHARA,1712007063/IF/22012035602657,एक बगिया मा के नाम हितग्राही विसमिला ग्राम पंचायत पैपखारा,Ongoing,262192,6523.98,31165.75,0.0,0,25,0,25,14.37485888204064,11-20% expenditure
MAIHAR,RAMNAGAR,राजा राम चंदेल अति0,PAIPAKHARA,1712007063/IF/22012035621130,एक बगिया मा के नाम हितग्राही कोमल सिंह प्राभा आजीविका स्व सहायता समूह ग्राम बंसी पंचायत पैपखारा,Ongoing,265622,12788.04,31195.15,0.0,0,49,0,49,16.5585644261394,11-20% expenditure
MAIHAR,RAMNAGAR,श्रीमती साधना सिंह,PURAINA,1712007012/IF/22012035657514,एक बगिया मॉ के नाम हितग्राही वंदना सिंह सरास्वती अजी0 स्व सहायता समूह ग्राम पडवी ग्रा0पं0 पुरैना,Ongoing,141446,251.44,0.0,0.0,0,1,0,1,0.1777639523210271,1-4% expenditure
MAIHAR,RAMNAGAR,श्रीमती साधना सिंह,PURAINA,1712007012/IF/22012035630592,एक बागियाँ माँ के नाम हितग्राही गिरिजा सिंह त्रिवेणीआजीविका स्व सहायता पुरैना,Ongoing,142851,520.84,1000.0,0.0,0,2,0,2,1.064633779252508,1-4% expenditure
MAIHAR,RAMNAGAR,अनिल पाण्डेय,SONADI,1712007018/IF/22012035612828,एक बगिया माँ के नाम हितग्राही प्रेम सोनी सहारा स्वसहायता समूह सोनाडी ग्राम पंचायत सोनाडी,Ongoing,135933,4698.0,32195.15,0.0,0,18,0,18,27.14068695607395,21-30% expenditure
MAIHAR,RAMNAGAR,अनिल पाण्डेय,SONADI,1712007018/IF/22012035612787,एक बगिया माँ के नाम हितग्राही शांती सिंह खेर माता स्वसहायता समूह सोनाडी ग्राम पंचायत सोनाडी,Ongoing,135731,4437.0,1000.0,0.0,0,17,0,17,4.005717190619682,5-10% expenditure
MAIHAR,RAMNAGAR,अनिल पाण्डेय,SONADI,1712007018/IF/22012035657751,एक बगिया मॉ के नाम हितग्राही बेलाकली सिंह राधिका स्व सहायता समूह ग्राम बडखोहरा ग्र्रा0पं0 सोनाडी,Ongoing,142998,3393.0,1000.0,0.0,0,13,0,13,3.0720709380550777,1-4% expenditure
MAIHAR,RAMNAGAR,अनिल पाण्डेय,SONADI,1712007018/IF/22012035657880,एक बगिया मॉ के नाम हितग्राही उर्मिला सिंह राधिका अजी0 स्व सहायता समूह ग्राम बडखोहरा ग्रा0पं0 सोनाडी,Ongoing,142998,3393.0,1000.0,0.0,0,13,0,13,3.0720709380550777,1-4% expenditure
MAIHAR,RAMNAGAR,अनिल पाण्डेय,SONADI,1712007018/IF/22012035658292,एक बगिया मॉ के नाम हितग्राही राजकली सिंह काजल अजी0 स्वसहा0 समूह ग्राम कोल्डिहा 1 ग्राम पंचा0 सोनाडी,Ongoing,142998,3393.0,1000.0,0.0,0,13,0,13,3.0720709380550777,1-4% expenditure
MAIHAR,RAMNAGAR,अनिल पाण्डेय,SONADI,1712007018/IF/22012035658585,एक बगिया मॉ के नाम हितग्राही कुसुमबाई सिंह काजल अजी0 स्व सहा0 समूह कोल्डिहा नं02 ग्राम पंचा0 सोनाडी,Ongoing,142998,1827.0,0.0,0.0,0,7,0,7,1.2776402467167374,1-4% expenditure
MAIHAR,RAMNAGAR,राजा राम चंदेल,TENGANA,1712007011/IF/22012035614894,एक बागियाँ माँ के नाम हितग्राही सुशीला बाई कुशवाहा न्यू इण्डिया आजीविका स्व सहायता धनवाही टेगना,Ongoing,275480,4698.0,1000.0,0.0,0,18,0,18,2.0683897197618704,1-4% expenditure
MAIHAR,RAMNAGAR,राजा राम चंदेल,TENGANA,1712007011/IF/22012035655314,एक बगिया मॉ के नाम हितग्राही लक्ष्मीबाई बुनकर गौरी महिला स्व सहायता समूह ग्राम धनवाही ग्रा0पं0 टेगना,Ongoing,135000,259.91,1000.0,0.0,0,1,0,1,0.9332666666666668,1-4% expenditure
MAIHAR,RAMNAGAR,राजा राम चंदेल,TENGANA,1712007011/IF/22012035616536,एक बगिया माँ के नाम हितग्राही पूजा कुशवाहा राधास्वामीआजीविका स्व सहायता समूह ग्राम पंचायत टेगना,Ongoing,141964,261.0,1000.0,0.0,0,1,0,1,0.8882533600067622,1-4% expenditure
SATNA,RAMPUR BAGHELAN,मोतीलाल लढ़िया,ABER,1712005097/IF/22012035658020,AK BAGIYA MA KE NAM PREETA SINGH WO SHAILENDRA SINGH,Ongoing,266760,0.0,0.0,0.0,0,0,0,0,0.0,0% expenditure
SATNA,RAMPUR BAGHELAN,भूपेन्द्र सिंह संविदा,BAIRIHA,1712005063/IF/22012035612659,EK BAKIYA MA KE NAME HITGRAHI ARTI SINGH,Ongoing,263787,36399.72,56610.8,0.0,0,152,0,152,35.25970574744017,>30% expenditure
SATNA,RAMPUR BAGHELAN,मनोज खम्परिया,BANDHA,1712005047/IF/22012035658648,AK BAGIYA MA KE NAM KARUNA PANDEY WO DHANANJAY PANDEY,Ongoing,266760,5481.0,0.0,0.0,0,28,0,28,2.054655870445344,1-4% expenditure
SATNA,RAMPUR BAGHELAN,रमेश सिंह,BARDADIH,1712005020/IF/22012035621384,AK BAGIYA MA KE NAM HITGRAHEE ROSHANI SINGH WO DEEPAK SINGH,Ongoing,266760,0.0,0.0,0.0,0,0,0,0,0.0,0% expenditure
SATNA,RAMPUR BAGHELAN,प्रमोद शुक्ला अति0,BARTI,1712005083/IF/22012035659179,AK BAGIYA MA KE NAM SHALINI SINGH WO AJIT SINGH,Ongoing,164497,0.0,0.0,0.0,0,0,0,0,0.0,0% expenditure
SATNA,RAMPUR BAGHELAN,प्रमोद शुक्ला अति0,BARTI,1712005083/IF/22012035659181,AK BAGIYA MA KE NAM KHUSHBOO SINGH WO RANJEET SINGH,Ongoing,163732,0.0,0.0,0.0,0,0,0,0,0.0,0% expenditure
SATNA,RAMPUR BAGHELAN,प्रमोद शुक्ला अति0,BARTI,1712005083/IF/22012035659182,AK BAGIYA MA KE NAM SAVITA SINGH WO AJAYPAL SINGH,Ongoing,164875,0.0,0.0,0.0,0,0,0,0,0.0,0% expenditure
SATNA,RAMPUR BAGHELAN,मनोज खम्परिया,BEEDA,1712005077/IF/22012035610838,एक बगिया मां के नाम हितग्राही पूनम चतुर्वेदी पति प्रमोद चतुर्वेदी सेमरा,Ongoing,266760,23556.03,48450.0,0.0,0,93,0,93,26.992813765182184,21-30% expenditure
SATNA,RAMPUR BAGHELAN,मनोज खम्परिया,BEEDA,1712005077/IF/22012035611692,एक बगिया मां के नाम हितग्राही का नाम गीता चतुर्वेदी पति रामयश चतुर्वेदी सेमरा,Ongoing,147691,23660.05,49300.0,0.0,0,93,0,93,49.400471254172565,>30% expenditure
SATNA,RAMPUR BAGHELAN,प्रमोद शुक्ला,BEERNAI,1712005084/IF/22012035621029,AK BAGIYA MA KE NAM HITGRAHEE AARTI KUSHWAHA WO RAJKUMAR KUSHWAHA,Ongoing,266760,2000.0,49130.0,0.0,0,8,0,8,19.167041535462587,11-20% expenditure
SATNA,RAMPUR BAGHELAN,मोतीलाल लढ़िया,BIHARA N.1,1712005059/IF/22012035659302,AK BAGIYA MA KE NAM LALITA SINGH WO RAJENDRA SINGH,Ongoing,266760,0.0,0.0,0.0,0,0,0,0,0.0,0% expenditure
SATNA,RAMPUR BAGHELAN,मोतीलाल लढ़िया,BIHARA N.1,1712005059/IF/22012035621396,AK BAGIYA MA KE NAM HITGRAHEE ARUNA SINGH WO SAMSENDRA SINGH,Ongoing,266760,0.0,0.0,0.0,0,0,0,0,0.0,0% expenditure
SATNA,RAMPUR BAGHELAN,मोतीलाल लढ़िया,BIHARA N.1,1712005059/IF/22012035657864,AK BAGIYA MA KE NAM SARITA SINGH WO RAJESH SINGH,Ongoing,266760,0.0,0.0,0.0,0,0,0,0,0.0,0% expenditure
SATNA,RAMPUR BAGHELAN,मोतीलाल लढ़िया,BIHARA N.1,1712005059/IF/22012035657867,AK BAGIYA MA KE NAM GEETA SINGH WO RAJPAL SINGH,Ongoing,266760,0.0,0.0,0.0,0,0,0,0,0.0,0% expenditure
SATNA,RAMPUR BAGHELAN,मोतीलाल लढ़िया,BIHARA N.1,1712005059/IF/22012035657869,AK BAGIYA MA KE NAM RAMKALI SINGH WO DADULLA SINGH,Ongoing,266760,0.0,0.0,0.0,0,0,0,0,0.0,0% expenditure
SATNA,RAMPUR BAGHELAN,मनोज खम्परिया अति0,CHORAHTA,1712005076/IF/22012035621413,AK BAGIYA MA KE NAM HITGRAHEE ALPANA SINGH WO RAMBAL SINGH,Ongoing,146444,9135.0,0.0,0.0,0,35,0,35,6.237879325885663,5-10% expenditure
SATNA,RAMPUR BAGHELAN,भूपेन्द्र सिंह संविदा,CHORMARI,1712005070/IF/22012035612047,Ek Bagiya Ma Ke Naam Ramkali Dwivedi,Ongoing,273880,18436.98,36940.0,0.0,0,71,0,71,20.219431867971373,21-30% expenditure
SATNA,RAMPUR BAGHELAN,भूपेन्द्र सिंह संविदा,CHORMARI,1712005070/IF/22012035615893,Ek Bagiya Ma ke Naam Rajkumari singh /Mahendra singh,Ongoing,145459,1044.0,0.0,0.0,0,4,0,4,0.7177280195794004,1-4% expenditure
SATNA,RAMPUR BAGHELAN,भूपेन्द्र सिंह संविदा,CHORMARI,1712005070/IF/22012035615826,Ek Bagiya Maa ke Naam Shyamvati Dingh,Ongoing,145168,0.0,0.0,0.0,0,0,0,0,0.0,0% expenditure
SATNA,RAMPUR BAGHELAN,भूपेन्द्र सिंह संविदा,DENGARHAT,1712005037/IF/22012035620130,AK BAGIYA MA KE NAM HITGRAHEE SAROJ PATHAK WO MANOJ KUMAR PATHAK,Ongoing,266760,0.0,0.0,0.0,0,0,0,0,0.0,0% expenditure
SATNA,RAMPUR BAGHELAN,मनोज खम्परिया अति0,DUDAHA,1712005006/IF/22012035626187,AK BAGIYA MA KE NAM HITGRAHEE MAYA SINGH WO AVADHRAJ SINGH,Ongoing,147467,3654.0,0.0,0.0,0,14,0,14,2.4778425003560116,1-4% expenditure
SATNA,RAMPUR BAGHELAN,मनोज खम्परिया अति0,GAUHARI,1712005092/IF/22012035658819,EK BAGIYA MA KE NAM HITGRAHI GEETA KEWAT,Ongoing,266760,261.0,0.0,0.0,0,1,0,1,0.09784075573549258,1-4% expenditure
SATNA,RAMPUR BAGHELAN,मनोज खम्परिया अति0,GAUHARI,1712005092/IF/22012035657872,AK BAGIYA MA KE NAM REKHA JAISWAL WO JITENDRA KUMAR JAISWAL,Ongoing,266760,522.0,0.0,0.0,0,2,0,2,0.19568151147098517,1-4% expenditure
SATNA,RAMPUR BAGHELAN,मनोज खम्परिया अति0,GAUHARI,1712005092/IF/22012035657875,AK BAGIYA MA KE NAM CHHAYA SINGH WO ANOOP SINGH,Ongoing,266760,522.0,0.0,0.0,0,2,0,2,0.19568151147098517,1-4% expenditure
SATNA,RAMPUR BAGHELAN,मनोज खम्परिया अति0,GAUHARI,1712005092/IF/22012035658203,AK BAGIYA MA KE NAM JAYA SINGH WO AJEET SINGH,Ongoing,266760,261.0,0.0,0.0,0,1,0,1,0.09784075573549258,1-4% expenditure
SATNA,RAMPUR BAGHELAN,मनोज खम्परिया अति0,GAUHARI,1712005092/IF/22012035657960,EK BAGIYA MA KE NAM HITGRAHI SATYA SEN,Ongoing,266760,261.0,0.0,0.0,0,1,0,1,0.09784075573549258,1-4% expenditure
SATNA,RAMPUR BAGHELAN,मनोज खम्परिया अति0,GAUHARI,1712005092/IF/22012035658287,AK BAGIYA MA KE NAM SANGITA JAISWAL WO RAMPRAKASH JAISWAL,Ongoing,266760,261.0,0.0,0.0,0,1,0,1,0.09784075573549258,1-4% expenditure
SATNA,RAMPUR BAGHELAN,मनोज खम्परिया अति0,GAUHARI,1712005092/IF/22012035658288,AK BAGIYA MA KE NAM SANGEETA CHAUDHARI WO KAUSHAL PRASAD CHAUDHARI,Ongoing,266760,522.0,0.0,0.0,0,2,0,2,0.19568151147098517,1-4% expenditure
SATNA,RAMPUR BAGHELAN,भूपेन्द्र सिंह संविदा,JAMUNA,1712005060/IF/22012035624339,AK BAGIYA MA KE NAM HITGRAHEE RAJVATI SINGH WO CHANDRASHEKHAR SINGH,Ongoing,148310,0.0,0.0,0.0,0,0,0,0,0.0,0% expenditure
SATNA,RAMPUR BAGHELAN,भूपेन्द्र सिंह संविदा,JAMUNA,1712005060/IF/22012035620753,AK BAGIYA MA KE NAM HITGRAHEE SUDHA SINGH WO DEVENDRA SINGH,Ongoing,148370,0.0,0.0,0.0,0,0,0,0,0.0,0% expenditure
SATNA,RAMPUR BAGHELAN,भूपेन्द्र सिंह संविदा,JAMUNA,1712005060/IF/22012035657736,EK BAGIYA MAA KE NAM ARCHANA SINGH/DIMPAL JAMUNA,Ongoing,132676,0.0,0.0,0.0,0,0,0,0,0.0,0% expenditure
SATNA,RAMPUR BAGHELAN,प्रमोद शुक्ला,KHAGAURA,1712005094/IF/22012035606274,EK BAGIYA MA KE NAM hitgrahi Annapurna Kushwaha,Ongoing,266760,749.96,0.0,0.0,0,15,0,15,0.28113660218923375,1-4% expenditure
SATNA,RAMPUR BAGHELAN,प्रमोद शुक्ला,KHAGAURA,1712005094/IF/22012035606285,EK BAGIYA MA KE NAM Pratibha Singh,Ongoing,268921,250.0,0.0,0.0,0,1,0,1,0.09296410469989327,1-4% expenditure
SATNA,RAMPUR BAGHELAN,प्रमोद शुक्ला,KHAGAURA,1712005094/IF/22012035658027,AK BAGIYA MA KE NAM PRACHI SINGH WO ABHINASH SINGH,Ongoing,266760,0.0,0.0,0.0,0,0,0,0,0.0,0% expenditure
SATNA,RAMPUR BAGHELAN,प्रमोद शुक्ला,KHAGAURA,1712005094/IF/22012035621914,AK BAGIYA MA KE NAM HITGRAHEE URMILA DWIVEDI WO RAMCHANDRA DWIVEDI,Ongoing,266912,250.0,49300.0,0.0,0,1,0,1,18.564170962714304,11-20% expenditure
SATNA,RAMPUR BAGHELAN,रमेश सिंह,KHAMHARIYA,1712005019/IF/22012035612687,EK BAKIYA MA KE NAME HITGRAHI SONIYA SINGH,Ongoing,266760,250.0,0.0,0.0,0,1,0,1,0.09371719898035688,1-4% expenditure
SATNA,RAMPUR BAGHELAN,रमेश सिंह,KHAMHARIYA,1712005019/IF/22012035621948,AK BAGIYA MA KE NAM HITGRAHEE LALITA SINGH RAMESH SINGH,Ongoing,266760,250.0,0.0,0.0,0,1,0,1,0.09371719898035688,1-4% expenditure
SATNA,RAMPUR BAGHELAN,अजय खरे,KHARI,1712005068/IF/22012035619571,M ki bagiya Arti Mishra Khari,Ongoing,148370,19067.0,22147.0,0.0,0,76,0,76,27.777852665633212,21-30% expenditure
SATNA,RAMPUR BAGHELAN,मनोज खम्परिया अति0,KHARWAHI,1712005087/IF/22012035657871,AK BAGIYA MA KE NAM SAVITA CHAUDHARI WO VISHRAM CHAUDHARI,Ongoing,266760,132.2,0.0,0.0,0,1,0,1,0.04955765482081271,1-4% expenditure
SATNA,RAMPUR BAGHELAN,मनोज खम्परिया अति0,KHARWAHI,1712005087/IF/22012035658983,AK BAGIYA MA KE NAM SATYAROOPA KUSHWAHA WO ARVIND KUSHWAHA,Ongoing,266760,132.2,0.0,0.0,0,1,0,1,0.04955765482081271,1-4% expenditure
SATNA,RAMPUR BAGHELAN,मनोज खम्परिया,KHATKHARI,1712005072/IF/22012035613827,Ek Bagiya Maa Ke Naam Monika Singh ANCHAL SHG Gp Khatkhri,Ongoing,266760,520.82,80675.4,0.0,0,8,0,8,30.43792922477133,>30% expenditure
SATNA,RAMPUR BAGHELAN,मनोज खम्परिया,KHATKHARI,1712005072/IF/22012035613852,Ek Bagiya Maa Ke Naam Madhu Singh POONAM SHG Gp Khatkhri,Ongoing,266760,51495.52,80388.8,0.0,0,204,0,204,49.43931623931624,>30% expenditure
SATNA,RAMPUR BAGHELAN,मनोज खम्परिया,KHATKHARI,1712005072/IF/22012035613860,Ek Bagiya Maa Ke Naam Karuna Singh DEENBANDHU SHG Gp Khatkhri,Ongoing,266760,58201.82,80392.8,0.0,0,229,0,229,51.95479832058779,>30% expenditure
SATNA,RAMPUR BAGHELAN,मनोज खम्परिया,KHATKHARI,1712005072/IF/22012035618400,Ek Bagiya Maa Ke Naam Shailvi Singh SANKALP SHG Gp Khatkhri,Ongoing,266760,260.42,80319.2,0.0,0,1,0,1,30.206785125206174,>30% expenditure
SATNA,RAMPUR BAGHELAN,मनोज खम्परिया,KHATKHARI,1712005072/IF/22012035618414,Ek Bagiya Maa Ke Naam Kiran Singh KAJAL SHG Gp Khatkhri,Ongoing,266760,6515.44,81278.0,0.0,0,25,0,25,32.91102114260009,>30% expenditure
SATNA,RAMPUR BAGHELAN,मनोज खम्परिया,KHATKHARI,1712005072/IF/22012035618423,Ek bagiya maa ke nam puspa singh Kajal SHG Gp Khatkhri,Ongoing,266760,10682.46,81342.4,0.0,0,41,0,41,34.497248463037934,>30% expenditure
SATNA,RAMPUR BAGHELAN,मनोज खम्परिया अति0,KHERIYA,1712005090/IF/22012035631954,एक बगिया मा के नाम हितग्राही प्रांसू सिह पति रजनीश सिह खेरिया कोठार,Ongoing,147467,0.0,0.0,0.0,0,0,0,0,0.0,0% expenditure
SATNA,RAMPUR BAGHELAN,मनोज खम्परिया अति0,KHERIYA,1712005090/IF/22012035658371,AK BAGIYA MA KE NAM CHANDRAKALI SINGH WO SANDEEP SINGH,Ongoing,266760,2871.0,0.0,2349.0,0,0,11,11,1.0762483130904184,1-4% expenditure
SATNA,RAMPUR BAGHELAN,मनोज खम्परिया अति0,KHERIYA,1712005090/IF/22012035658372,AK BAGIYA MA KE NAM ANEETA SINGH WO ARUN SINGH,Ongoing,266760,8874.0,0.0,3132.0,0,0,34,34,3.326585695006748,1-4% expenditure
SATNA,RAMPUR BAGHELAN,भूपेन्द्र सिंह संविदा,KOOND,1712005036/IF/22012035612786,EK BAKIYA MA KE NAME HITGRAHI PINKY PANDEY,Ongoing,148370,10918.88,35060.2,0.0,0,42,0,42,30.989472265282735,>30% expenditure
SATNA,RAMPUR BAGHELAN,मनोज खम्परिया अति0,LAKHAHA,1712005078/IF/22012035659461,AK BAGIYA MA KE NAM MANISHA DWIVEDI WO RAJENDRA PRASAD DWIVEDI,Ongoing,266760,0.0,0.0,0.0,0,0,0,0,0.0,0% expenditure
SATNA,RAMPUR BAGHELAN,प्रमोद शुक्ला अति0,MAHIDALKALAN,1712005033/IF/22012035602823,EK BAGIYA MA A KE NAM GUDDIYA SINGH KE KHET ME,Ongoing,149444,772.26,0.0,0.0,0,8,0,8,0.5167554401648778,1-4% expenditure
SATNA,RAMPUR BAGHELAN,प्रमोद शुक्ला अति0,MAHIDALKALAN,1712005033/IF/22012035621401,AK BAGIYA MA KE NAM HITGRAHEE SANGEETA SINGH WO NARENDRA SINGH,Ongoing,264624,3251.44,86591.0,0.0,0,13,0,13,33.95097950299293,>30% expenditure
SATNA,RAMPUR BAGHELAN,प्रमोद शुक्ला अति0,MAHIDALKALAN,1712005033/IF/22012035621970,AK BAGIYA MA KE NAM HITGRAHEE KIRAN KUSHWAHA WO RAJESH KUSHWAHA,Ongoing,264624,1751.44,87171.0,0.0,0,7,0,7,33.603316403651974,>30% expenditure
SATNA,RAMPUR BAGHELAN,प्रमोद शुक्ला अति0,MAHIDALKALAN,1712005033/IF/22012035609595,EK BAGIYA MAA KE NAM MUNNI BUNKAR KE KHET ME,Ongoing,148491,260.42,36940.0,0.0,0,1,0,1,25.052306200375778,21-30% expenditure
SATNA,RAMPUR BAGHELAN,प्रमोद शुक्ला अति0,MAHIDALKALAN,1712005033/IF/22012035612491,EK BAGIYA MA A KE NAM PRAVEEN SINGH GP MAHIDAL KALA,Ongoing,149851,89.8,0.0,0.0,0,2,0,2,0.05992619335206305,1-4% expenditure
SATNA,RAMPUR BAGHELAN,प्रमोद शुक्ला अति0,MAHIDALKALAN,1712005033/IF/22012035615668,EK BAGIYA MA KE NAM USHA SINGH SSG MAHIDAL KALA,Ongoing,145078,134.7,0.0,0.0,0,1,0,1,0.09284660665297287,1-4% expenditure
SATNA,RAMPUR BAGHELAN,प्रमोद शुक्ला अति0,MAJHIYAR,1712005040/IF/22012035658634,EK BAGIYA MAA KE NAM RAMWATI VISHWAKARMA majhiyar,Ongoing,135962,250.0,0.0,0.0,0,1,0,1,0.18387490622379782,1-4% expenditure
SATNA,RAMPUR BAGHELAN,रमेश सिंह,MALGAON,1712005026/IF/22012035659286,AK BAGIYA MA KE NAM YASHOMATI KEVAT WO KAMLESH KEVAT,Ongoing,154549,6525.0,0.0,6264.0,0,1,24,25,4.22196196675488,5-10% expenditure
SATNA,RAMPUR BAGHELAN,रमेश सिंह,MALGAON,1712005026/IF/22012035659822,AK BAGIYA MA KE NAM GOMATI KEVAT WO SHOBHNATH KEVAT,Ongoing,152013,261.0,0.0,0.0,0,1,0,1,0.1716958418030037,1-4% expenditure
SATNA,RAMPUR BAGHELAN,प्रमोद शुक्ला,MATAHA,1712005065/IF/22012035610483,EK BAGIYA MA KE NAM hitgrahi SUNEETA SINGH,Ongoing,266760,500.08,0.0,0.0,0,28,0,28,0.18746438746438746,1-4% expenditure
SATNA,RAMPUR BAGHELAN,मनोज खम्परिया अति0,NEMUWA,1712005057/IF/22012035616566,ek bagiya ma ke nam priti kushwaha MP12005057002284,Ongoing,143363,0.0,0.0,0.0,0,0,0,0,0.0,0% expenditure
SATNA,RAMPUR BAGHELAN,मनोज खम्परिया अति0,NEMUWA,1712005057/IF/22012035616558,ek bagiya ma ke nam arpana shukla MP12005057001150,Ongoing,146820,5742.0,0.0,0.0,0,22,0,22,3.910911319983654,1-4% expenditure
SATNA,RAMPUR BAGHELAN,मनोज खम्परिया अति0,NEMUWA,1712005057/IF/22012035626167,AK BAGIYA MA KE NAM HITGRAHEE RAMKALI YADAV WO RAMNIHOR YADAV,Ongoing,147153,4176.0,0.0,0.0,0,16,0,16,2.837862632769974,1-4% expenditure
SATNA,RAMPUR BAGHELAN,मनोज खम्परिया अति0,NEMUWA,1712005057/IF/22012035616546,ek bagiya ma ke nam asha singh job MP12005057002134,Ongoing,147934,14840.5,0.0,0.0,0,57,0,57,10.031838522584396,11-20% expenditure
SATNA,RAMPUR BAGHELAN,मनोज खम्परिया अति0,NEMUWA,1712005057/IF/22012035619649,ek bagiya ma ke nam INDRAKALI KUSHWAHA MP12005057002200,Ongoing,148370,2051.5,0.0,0.0,0,8,0,8,1.3826919188515199,1-4% expenditure
SATNA,RAMPUR BAGHELAN,प्रमोद शुक्ला अति0,RAGHUNATHPUR,1712005028/IF/22012035620769,AK BAGIYA MA KE NAM HITGRAHEE RAMVATI SINGH WO TEJBHAN SINGH,Ongoing,146444,0.0,0.0,0.0,0,0,0,0,0.0,0% expenditure
SATNA,RAMPUR BAGHELAN,रमेश सिंह,THATHAURA,1712005022/IF/22012035619524,AK BAGIYA MA KE NAM HITGRAHEE URMILA SINGH WO KAMTA SINGH,Ongoing,267840,0.0,0.0,0.0,0,0,0,0,0.0,0% expenditure
SATNA,RAMPUR BAGHELAN,रमेश सिंह,THATHAURA,1712005022/IF/22012035619398,EK BAGIYA MAA KE NAM SADHNA SINGH JKS AJIVIKA GP THATHAURA,Ongoing,266760,0.0,0.0,0.0,0,0,0,0,0.0,0% expenditure
SATNA,RAMPUR BAGHELAN,रमेश सिंह,THATHAURA,1712005022/IF/22012035619487,AK BAGIYA MA KE NAM HITGRAHEE SHASHIKALA SINGH WO KAUSHLENDRA SINGH,Ongoing,266760,0.0,0.0,0.0,0,0,0,0,0.0,0% expenditure
SATNA,RAMPUR BAGHELAN,रमेश सिंह,THATHAURA,1712005022/IF/22012035619506,AK BAGIYA MA KE NAM HITGRAHEE KEERTI SINGH WO ARVIND SINGH,Ongoing,266760,0.0,0.0,0.0,0,0,0,0,0.0,0% expenditure
SATNA,RAMPUR BAGHELAN,मोतीलाल लढ़िया,TIHAI,1712005008/IF/22012035620322,AK BAGIYA MA KE NAM SANTU KUSHWAHA WO RAMVILASH KUSHWAHA,Ongoing,266700,25056.0,45488.48,0.0,0,96,0,96,26.450873640794903,21-30% expenditure
SATNA,RAMPUR BAGHELAN,भूपेन्द्र सिंह संविदा,TURKI,1712005046/IF/22012035611540,EK BAGIYA MA KE NAME HITGRAHI KESHKALI SINGH,Ongoing,270961,31309.26,35351.15,5169.72,0,104,20,124,24.601477703433336,21-30% expenditure
SATNA,SATNA,महेन्‍द्र पारधी,AHIRGAON,1712002092/IF/22012035611520,एक बगिया माॅ के नाम हितग्राही श्‍याम बाई प्रजापति / अच्‍छेलाल प्रजापति ग्राम पंचायत अहिरगांव,Ongoing,168487,11918.0,38896.61,0.0,0,46,0,46,30.159365410981266,>30% expenditure
SATNA,SATNA,कुलदीप पयासी,BANDHI,1712002063/IF/22012035641991,एक बग़िया माँ के नाम संगीता देवी चौधरी /अच्छेलाल ग्रामपंचायत बाँधी जॉबकार्ड 003 /752,Ongoing,162464,3640.0,0.0,0.0,0,14,0,14,2.2404963561158167,1-4% expenditure
SATNA,SATNA,महेन्‍द्र पारधी,BARAKALA,1712002024/IF/YD/22012035657301,एक बगिया माँ के नाम सरोज सिंह /विजय बहादुर सिंहग्राम पंचायत बरकला जॉबकार्ड 004 /199 -A,Ongoing,168487,16443.0,5800.0,0.0,0,63,0,63,13.201611993803677,11-20% expenditure
SATNA,SATNA,महेन्‍द्र पारधी,BARAKALA,1712002024/IF/YD/22012035658165,एक बगिया माँ के नाम मुन्नी सिंह /चंद्रदेव सिंह ग्राम चनपुरवा ग्रा प् बराकला जॉबकार्ड 007 /290 -A,Ongoing,165549,11223.0,5800.0,0.0,0,43,0,43,10.282756162827924,11-20% expenditure
SATNA,SATNA,व्हीके मिश्रा अति0,BARIKALA,1712002067/IF/22012035629414,एक बगिया माँ केनाम हित विद्या सिंह /कमलभान सिंह ग्राम पंचायत बारीकलाजॉबकार्ड02/425,Ongoing,168487,5393.09,3770.0,0.0,0,22,0,22,5.43845519238873,5-10% expenditure
SATNA,SATNA,व्हीके मिश्रा अति0,BARIKALA,1712002067/IF/22012035629420,एक बगिया माँ केनाम हित रेखा पाण्डेय /हनुमान पाण्डेय ग्राम पंचायत बारीकलाजॉबकार्ड02/399,Ongoing,168487,8935.44,12760.0,0.0,0,36,0,36,12.876625496329094,11-20% expenditure
SATNA,SATNA,व्हीके मिश्रा अति0,BARIKALA,1712002067/IF/22012035658836,एक बगिया माँ के नाम रेखा साकेत / रामसजीवन ग्रामपंचायत बारीकला जॉबकार्ड 001/29,Ongoing,163672,4777.77,0.0,0.0,0,21,0,21,2.9191126154748526,1-4% expenditure
SATNA,SATNA,व्हीके मिश्रा अति0,BARIKALA,1712002067/IF/22012035658839,एक बगिया माँ के नाम सविता साकेत / रामछबीले ग्रामपंचायत बारीकला जॉबकार्ड 001/11,Ongoing,163672,4888.2,0.0,0.0,0,21,0,21,2.986582921941444,1-4% expenditure
SATNA,SATNA,संजय पाण्डेय,BHAINSWAR,1712002051/IF/22012035615089,एक बगिया माँ केनाम श्रीमती दीपिका सिंह /नितिन सिंह जॉबकार्ड न 001/1158 ग्राम पं भैंसवार,Ongoing,259940,260.0,0.0,0.0,0,1,0,1,0.10002308224974993,1-4% expenditure
SATNA,SATNA,संजय पाण्डेय,BHAINSWAR,1712002051/IF/22012035615094,एक बगिया माँ केनाम श्रीमती अर्चना सिंह /धनराज सिंह जॉबकार्ड न 001/1165 )ग्राम पं भैंसवार,Ongoing,168487,260.0,0.0,0.0,0,1,0,1,0.15431457619875716,1-4% expenditure
SATNA,SATNA,संजय पाण्डेय,BHAINSWAR,1712002051/IF/22012035658822,एक बगिया माँ के नाम रानी गौतम/ शिवकुमार गौतम ग्रामपंचायत भैंसवार जॉबकार्ड 001/1170,Ongoing,168487,4436.94,0.0,0.0,0,19,0,19,2.6334019835358218,1-4% expenditure
SATNA,SATNA,कुलदीप पयासी,BHANWAR,1712002003/IF/22012035613288,एक बगिया माॅ के नाम हितग्राही शानू सिंह / आदर्श सिंह ग्रामभंवर पंचायत भंवर 2003-002/719,Ongoing,269569,13134.02,36515.0,0.0,0,51,0,51,18.41792639361351,11-20% expenditure
SATNA,SATNA,महेन्‍द्र पारधी,BHUMKAHAR,1712002022/IF/22012035644172,एक बग़िया माँ के नाम रामकुमारी सिंह /संतोष सिंह ग्रामपंचायत भुमकाहर जॉबकार्ड न 001/580,Ongoing,164667,3393.0,0.0,0.0,0,13,0,13,2.0605221446920146,1-4% expenditure
SATNA,SATNA,संजय पाण्डेय,DANDITOLA,1712002044/IF/22012035658814,एक बगिया माँ के नाम उर्मिला सिंह /अरुण प्र सिंह ग्रामपंचायत दांडीटोला जॉबकार्ड 001 /374,Ongoing,164667,3132.0,0.0,261.0,0,11,1,12,1.9020204412541672,1-4% expenditure
SATNA,SATNA,शिवलाल भारती,DHAURAHARA,1712002035/IF/22012035626857,एक बगिया माँ के नाम हितग्राही बंचू अहिरवार /दुर्गा प्रसाद अहिरवार गरमपंचायत धौरहरा जॉबकार्ड 001 /462,Ongoing,168487,9129.08,5800.0,0.0,0,35,0,35,8.860671743220545,5-10% expenditure
SATNA,SATNA,कुलदीप पयासी,HADKHAR,1712002055/IF/22012035639711,एक बग़िया माँ के नाम हित श्यामकली /विश्वनाथ बागरी ग्राम महुटा ग्रामपंचाहड़खार जॉबकार्ड 005 /211,Ongoing,163672,19407.22,30698.0,0.0,0,98,0,98,30.613189794222595,>30% expenditure
SATNA,SATNA,संजय पाण्डेय,HATIA,1712002039/IF/22012035657284,एक बग़िया माँ के नाम रामबाई सिंह /बृजराज सिंह ग्राम पंचायत हटिया जॉबकार्ड न 001 /330,Ongoing,269569,4698.0,0.0,0.0,0,18,0,18,1.7427819964461788,1-4% expenditure
SATNA,SATNA,संजय पाण्डेय,HATIA,1712002039/IF/22012035626867,एक बगिया माँ के नाम हितग्राही शकुन डोहार /भगवन दास डोहार गरमपंचायत हटिया जॉबकार्ड 001 /315,Ongoing,162464,3645.01,31119.2,0.0,0,14,0,14,21.398100502265116,21-30% expenditure
SATNA,SATNA,शिवलाल भारती,KALHARI,1712002023/IF/22012035658413,एक बग़िया माँ के नाम अभिलाषा कुशवाहा /प्रमोद कुशवाहा ग्रामपंचायत कल्हारी जॉबकार्ड नंबर 002 /254,Ongoing,162464,7564.08,5800.0,0.0,0,29,0,29,8.225871577703368,5-10% expenditure
SATNA,SATNA,शिवलाल भारती,KALHARI,1712002023/IF/22012035658427,एक बग़िया माँ के नाम अर्चना कुशवाहा /शंकर लाल कुशवाहा ग्रामपंचायत कल्हारी जॉबकार्ड नंबर 002 /108,Ongoing,162464,7564.08,5800.0,0.0,0,29,0,29,8.225871577703368,5-10% expenditure
SATNA,SATNA,शिवलाल भारती,KALHARI,1712002023/IF/22012035658447,एक बग़िया माँ के नाम बबली कुशवाहा /धीरेन्द्र कुशवाहा ग्रामपंचायत कल्हारी जॉबकार्ड नंबर 002 /108,Ongoing,162464,7958.08,5800.0,0.0,0,31,0,31,8.468386842623596,5-10% expenditure
SATNA,SATNA,व्हीके मिश्रा अति0,KARAHI KOTHAR,1712002030/IF/22012035614976,एक बगिया मा के नाम हिटग्राही बालू देवी/ रामानंद चतुर्वेदी MP-12-002-030-001/256,Ongoing,257523,6546.79,18395.5,0.0,0,27,0,27,9.685461104445041,5-10% expenditure
SATNA,SATNA,व्हीके मिश्रा अति0,KARAHI KOTHAR,1712002030/IF/22012035615882,एक बगिया मा के नाम हितग्राही गुडिया चर्तुवेदी/ संगीत चतुर्वेदी MP12002030001/70,Ongoing,259940,6507.38,18366.0,0.0,0,27,0,27,9.568892821420329,5-10% expenditure
SATNA,SATNA,व्हीके मिश्रा अति0,KARAHI KOTHAR,1712002030/IF/22012035655293,एक बगिया माँ के नाम संध्या चतुर्वेदी/प्रदीप कुमार चतुर्वेदी ग्रामपंचायत करही कोठार जॉबकार्ड 01 /113,Ongoing,165549,4993.66,26100.0,0.0,0,22,0,22,18.782149091809675,11-20% expenditure
SATNA,SATNA,व्हीके मिश्रा अति0,KARAHI KOTHAR,1712002030/IF/22012035614941,एक बगिया मा के नाम हितग्राही प्रतिभाचतुर्वेदी/अनुज चतुर्वेदी MP-12-002-030-001/255,Ongoing,263693,3901.27,8767.0,0.0,0,16,0,16,4.804173793009295,5-10% expenditure
SATNA,SATNA,कुलदीप पयासी,KARASRA,1712002004/IF/22012035658524,एक बग़िया माँ के नाम सविता पाण्डेय /सूर्यप्रकाश पाण्डेय ग्रामपंचायत करसरा जॉबकार्ड नंबर 001 /1199,Ongoing,162464,3129.96,10840.0,0.0,0,12,0,12,8.5988034272208,5-10% expenditure
SATNA,SATNA,कुलदीप पयासी,KARASRA,1712002004/IF/22012035658528,एक बग़िया माँ के नाम आशा देवी शुक्ला /मिथलेश शुक्ला ग्रामपंचायत करसरा जॉबकार्ड नंबर 001/1197,Ongoing,162464,3129.96,10840.0,0.0,0,12,0,12,8.5988034272208,5-10% expenditure
SATNA,SATNA,कुलदीप पयासी,KARASRA,1712002004/IF/22012035658537,एक बग़िया माँ के नाम गीता शुक्ला /नत्थु प्रसाद शुक्ला ग्रामपंचायत करसरा जॉबकार्ड नंबर 001/536,Ongoing,162464,3123.96,11130.0,0.0,0,12,0,12,8.77361138467599,5-10% expenditure
SATNA,SATNA,कुलदीप पयासी,KARASRA,1712002004/IF/22012035658540,एक बग़िया माँ के नाम सुनीता शुक्ला /अरविंद शुक्ला ग्रामपंचायत करसरा जॉबकार्ड नंबर 001/234,Ongoing,244386,3125.04,0.0,0.0,0,12,0,12,1.2787311875475682,1-4% expenditure
SATNA,SATNA,कुलदीप पयासी,KHADAURA,1712002010/IF/22012035625562,एक बगिया माँ के नाम हितग्राही मीना अहिरवार /कमलेश प्रसाद अहिरवार ग्राम पंचायत खड़ौरा जॉब कार्ड 001 /2,Ongoing,168487,521.0,0.0,0.0,0,2,0,2,0.3092226699982788,1-4% expenditure
SATNA,SATNA,कुलदीप पयासी,KHADAURA,1712002010/IF/22012035625569,एक बगिया माँ के नाम हितग्राही ममता अहिरवार /हरी प्रसाद अहिरवार ग्राम पंचायत खड़ौरा जॉब कार्ड 002 /11,Ongoing,168487,521.0,0.0,0.0,0,2,0,2,0.3092226699982788,1-4% expenditure
SATNA,SATNA,कुलदीप पयासी,KHADAURA,1712002010/IF/22012035617535,एक बगिया माँ के नाम हितग्राही रानी अहिरवार /रानू अहिरवार जॉबकार्ड 001 /219 ग्रामपंचायत खड़ौरा,Ongoing,163672,8067.02,19250.0,0.0,0,31,0,31,16.69009971161836,11-20% expenditure
SATNA,SATNA,कुलदीप पयासी,KHADAURA,1712002010/IF/22012035617560,एक बगिया माँ के नाम हितग्राही राम बाई /रामभजन अहिरवार जॉबकार्ड 001 /270 ग्रामपंचायत खड़ौरा,Ongoing,163672,3642.98,0.0,0.0,0,14,0,14,2.225780829952588,1-4% expenditure
SATNA,SATNA,कुलदीप पयासी,KHADAURA,1712002010/IF/22012035617572,एक बगिया माँ के नाम हितग्राही मिथिलेश कु /रामखेलावन अहिरवार जॉबकार्ड 01 / 232ग्रामपंचायत खड़ौरा,Ongoing,259940,8067.02,19250.0,0.0,0,31,0,31,10.508971301069478,11-20% expenditure
SATNA,SATNA,कुलदीप पयासी,KHADAURA,1712002010/IF/22012035618714,एक बगिया माँ के नाम भूरी अहिरवार /श्यामसुन्दर जॉबकार्ड 001 /247 नौखाड़खुर्द ग्राम पन खड़ौरा,Ongoing,168487,521.0,0.0,0.0,0,2,0,2,0.3092226699982788,1-4% expenditure
SATNA,SATNA,कुलदीप पयासी,KHADAURA,1712002010/IF/22012035618723,एक बगिया माँ के नाम चंद्रकली अहिरवार /राम सिरोमणि जॉबकार्ड 001 /233 नौखाड़खुर्द ग्राम पन खड़ौरा,Ongoing,168487,3647.02,0.0,0.0,0,14,0,14,2.1645705603399668,1-4% expenditure
SATNA,SATNA,कुलदीप पयासी,KHADAURA,1712002010/IF/22012035619976,एक बगिया माँ के नाम हित रामलली अहिरवार /गणेश प्रसाद ग्राम नौखाड़खुर्द ग्राम प खड़ौरा जॉब 002 / 54,Ongoing,168487,521.0,19250.0,0.0,0,2,0,2,11.734436484713955,11-20% expenditure
SATNA,SATNA,कुलदीप पयासी,KHADAURA,1712002010/IF/22012035638167,एक एक बग़िया माँ के नाम हित.रेखा अहिरवार /बालकेश अहिरवार ग्राम नौखाड़खुर्द ग्राम प.खड़ौरा जॉब 02 /532,Ongoing,168487,2081.98,0.0,0.0,0,8,0,8,1.235691774439571,1-4% expenditure
SATNA,SATNA,कुलदीप पयासी,KHADAURA,1712002010/IF/22012035622574,एक बगिया माँ के नाम हित द्रोपती अहिरवार /राजेंद्र प्रसाद अहिरवार ग्राम पंचायत खड़ौरा जॉबकार्ड 001 /18,Ongoing,168487,3641.0,0.0,0.0,0,14,0,14,2.160997584383365,1-4% expenditure
SATNA,SATNA,व्‍ही0के0मिश्रा,KHAMHARIA,1712002045/IF/22012035656219,एक बगिया माँ के नाम रोशनी त्रिपाठी /आशीष कु० त्रिपाठी ग्राम तुर्री ग्रणपंच खमरिया जॉबकार्ड न ०१/824,Ongoing,168487,2071.94,3480.0,0.0,0,8,0,8,3.2951741083881845,1-4% expenditure
SATNA,SATNA,व्‍ही0के0मिश्रा,KHAMHARIA,1712002045/IF/22012035656234,एक बगिया माँ के नाम रश्मी सिंह /बुद्धिमान सिंह ग्रामपंचायत खमरिया जॉबकार्ड न 02 /624,Ongoing,162464,521.94,3480.0,0.0,0,2,0,2,2.463278018514871,1-4% expenditure
SATNA,SATNA,व्‍ही0के0मिश्रा,KHAMHARIA,1712002045/IF/22012035656241,एक बगिया माँ के नाम प्रतिमा पाण्डेय/ रामपाल पाण्डेय तुर्री ग्रामपंचायत खमरिया जॉबकार्ड न 02/871,Ongoing,168487,260.97,3480.0,0.0,0,1,0,1,2.220331538931787,1-4% expenditure
SATNA,SATNA,व्‍ही0के0मिश्रा,KHAMHARIA,1712002045/IF/22012035644286,एक बग़िया माँ के नाम लता सिंह/मलखान सिंह ग्राम तुर्री ग्रां प खमरिया जॉबकार्ड न 01/501,Ongoing,162950,260.97,0.0,0.0,0,1,0,1,0.16015342129487575,1-4% expenditure
SATNA,SATNA,व्‍ही0के0मिश्रा,KHAMHARIA,1712002045/IF/22012035644293,एक बग़िया माँ के नाम सुशीला सिंह/विजय बहादुर सिंह ग्राम तुर्री ग्रां प खमरिया जॉबकार्ड न 01/859,Ongoing,162464,260.97,0.0,0.0,0,1,0,1,0.16063250935591886,1-4% expenditure
SATNA,SATNA,व्‍ही0के0मिश्रा,KHAMHARIA,1712002045/IF/22012035655261,एक बगिया माँ के नाम आशा दिवेदी /इंद्रमणि दिवेदी ग्राम तुर्री ग्र.पन खमरिया जॉबकार्ड 01 /861,Ongoing,162464,7271.75,26100.0,0.0,0,43,0,43,20.541012162694507,21-30% expenditure
SATNA,SATNA,व्‍ही0के0मिश्रा,KHAMHARIA,1712002045/IF/22012035620026,एक बगिया माँ के नाम हित सरिता दिवेदी / अशोक कु ग्राम तुर्री ग्रामप खमरिया जॉब 001 / 854,Ongoing,266760,10754.61,52200.0,0.0,0,43,0,43,23.599718848403057,21-30% expenditure
SATNA,SATNA,व्‍ही0के0मिश्रा,KHAMHARIA,1712002045/IF/22012035658820,एक बगिया माँ के नाम कलावती कुशवाहा /रामनारायण कुशवाहा ग्रामपंचायत खमरिया जॉबकार्ड 002/631,Ongoing,167082,2006.91,0.0,0.0,0,8,0,8,1.201152727403311,1-4% expenditure
SATNA,SATNA,व्‍ही0के0मिश्रा,KHAMHARIA,1712002045/IF/22012035659705,एक बगिया माँ के नाम विद्द्या सिंह/रामनायक सिंह ग्रामपंचायत खमरिया जॉबकार्ड न 002/866,Ongoing,162464,1298.54,0.0,0.0,0,7,0,7,0.7992786094150088,1-4% expenditure
SATNA,SATNA,व्‍ही0के0मिश्रा,KHAMHARIA,1712002045/IF/22012035659713,एक बगिया माँ के नाम मीनू रजक/राकेश कुमार ग्रामपंचायत खमरिया जॉबकार्ड न 002/874,Ongoing,162464,0.0,0.0,0.0,0,7,0,7,0.0,0% expenditure
SATNA,SATNA,व्‍ही0के0मिश्रा,KHAMHARIA,1712002045/IF/22012035659710,एक बगिया माँ के नाम वंदना सिंह/विपिन सिंह ग्रामपंचायत खमरिया जॉबकार्ड न 002/876,Ongoing,162464,1345.76,0.0,0.0,0,7,0,7,0.8283435099468189,1-4% expenditure
SATNA,SATNA,महेन्‍द्र पारधी,KUDIYA,1712002048/IF/22012035611537,एक बगिया माॅ के नाम हितग्राही सरला सिंह / नरेन्‍द्र सिंह ग्राम तूमिन पंचायत कुडिया 2048-002/95,Ongoing,257523,3914.0,15660.0,0.0,0,15,0,15,7.6008744849974565,5-10% expenditure
SATNA,SATNA,महेन्‍द्र पारधी,KUDIYA,1712002048/IF/22012035611575,एक बगिया माॅ के नाम हितग्राही सरोज सिंह / अमान सिंह ग्राम तूमिन पंचायत कुडिया 2048-002/51,Ongoing,269569,3914.0,15080.0,0.0,0,15,0,15,7.0460624181563905,5-10% expenditure
SATNA,SATNA,व्हीके मिश्रा अति0,KUNWA,1712002061/IF/22012035658815,एक बगिया माँ के नाम सुरीज कली /कमलाकांत पाण्डेय ग्रामपंचायत कुंआ जॉबकार्ड 002/655,Ongoing,163672,1652.7,0.0,0.0,0,7,0,7,1.0097634292976196,1-4% expenditure
SATNA,SATNA,संजय पाण्डेय,KUSIYARA,1712002031/IF/22012035656510,एक बगिया माँ के नाम निशा तिवारी /शिव प्रसाद तिवारी ग्राम पंचायत कुशियरा जॉबकार्ड नंबर 10 /217,Ongoing,163672,3653.97,2900.0,0.0,0,16,0,16,4.004331834400508,5-10% expenditure
SATNA,SATNA,संजय पाण्डेय,KUSIYARA,1712002031/IF/22012035658195,एक बगिया माँ के नाम अर्चना त्रिपाठी /अनिल कुमार त्रिपाठी ग्रामपंचायत कुशियरा जॉबकार्ड 10/220,Ongoing,163672,3132.0,2900.0,0.0,0,12,0,12,3.6854196197272593,1-4% expenditure
SATNA,SATNA,संजय पाण्डेय,KUSIYARA,1712002031/IF/22012035658841,एक बगिया माँ के नाम नीलू चौधरी /राकेश चौधरी ग्रामपंचायत कुशियरा जॉबकार्ड 10 /218,Ongoing,164667,0.0,0.0,0.0,0,3,0,3,0.0,0% expenditure
SATNA,SATNA,संजय पाण्डेय,KUSIYARA,1712002031/IF/22012035658845,एक बगिया माँ के नाम मोला चौधरी /संतोष चौधरी ग्रामपंचायत कुशियरा जॉबकार्ड 10 /13,Ongoing,163672,261.0,2900.0,0.0,0,1,0,1,1.931301627645535,1-4% expenditure
SATNA,SATNA,व्हीके मिश्रा अति0,MADHVGARH,1712002082/IF/22012035659671,एक बगिया माँ के नाम अनुराधा तिवारी /प्रदीप तिवारी ग्रामपंचायत माधवगढ़ जॉबकार्ड न 001/730,Ongoing,162464,1043.0,0.0,0.0,0,4,0,4,0.6419883789639551,1-4% expenditure
SATNA,SATNA,महेन्‍द्र पारधी,MADNI,1712002015/IF/22012035656520,एक बगिया माँ के नाम छबि सिंह /विजय सिंह कटवारिया गरमपंचायत मदनी जॉबकार्ड नंबर 01 /5 c,Ongoing,168487,261.0,10440.0,0.0,0,1,0,1,6.3512318457803865,5-10% expenditure
SATNA,SATNA,महेन्‍द्र पारधी,MADNI,1712002015/IF/22012035656531,एक बगिया माँ के नाम मीरा वर्मा/ रामनरेश वर्मा कटवारिया कला गरमपंचायत मदनी जॉबकार्ड नंबर 03/281,Ongoing,168526,261.0,10440.0,0.0,0,1,0,1,6.349762054519778,5-10% expenditure
SATNA,SATNA,महेन्‍द्र पारधी,MADNI,1712002015/IF/22012035658186,एक बगिया माँ के नाम आरती सिंह /जयभान सिंह ग्रा प् मदनी जॉबकार्ड 002/263,Ongoing,168487,261.0,20880.0,0.0,0,1,0,1,12.547555597761251,11-20% expenditure
SATNA,SATNA,महेन्‍द्र पारधी,MADNI,1712002015/IF/22012035658715,एक बगिया माँ के नाम रन्नू मिश्रा /उधव प्र मिश्रा कटवारियाकला ग्राम पंचायत मदनी जॉबकार्ड 003 /90 -A,Ongoing,178593,261.0,10440.0,0.0,0,1,0,1,5.991836186188708,5-10% expenditure
SATNA,SATNA,महेन्‍द्र पारधी,MADNI,1712002015/IF/22012035658721,एक बगिया माँ के नाम सुनीता वर्मा /संतोष चमार कटवारियाकला ग्राम पंचायत मदनी जॉबकार्ड 003 /91 -A,Ongoing,178593,261.0,0.0,0.0,0,1,0,1,0.14614234600460263,1-4% expenditure
SATNA,SATNA,महेन्‍द्र पारधी,MADNI,1712002015/IF/22012035658726,एक बगिया माँ के नाम संगीता साहू /विपिन कुमार साहू ग्राम पंचायत मदनी जॉबकार्ड 002 /90 -B,Ongoing,178593,261.0,10440.0,0.0,0,1,0,1,5.991836186188708,5-10% expenditure
SATNA,SATNA,महेन्‍द्र पारधी,MADNI,1712002015/IF/22012035658732,एक बगिया माँ के नाम रश्मि सिंह/ कृष्णभान सिंह ग्राम पंचायत मदनी जॉबकार्ड 002 /73 -A,Ongoing,171813,261.0,10440.0,0.0,0,1,0,1,6.228283075203855,5-10% expenditure
SATNA,SATNA,महेन्‍द्र पारधी,MANAKAHARI,1712002006/IF/22012035658024,एक बगिया माँ के नाम राजदुलारी शर्मा /विनोद शर्मा ग्रामपंचायत मनकहरी जॉबकार्ड नंबर 002 /389,Ongoing,168487,1305.0,0.0,0.0,0,5,0,5,0.7745404689976082,1-4% expenditure
SATNA,SATNA,आशुतोष वर्मा,MAND,1712002078/IF/22012035649292,एक बग़िया माँ के नाम हित मांडवी शुक्ला /मनीष शुक्ला ग्राम पंचायत मांद जॉबकार्ड 002 /291,Ongoing,168487,14608.16,21604.4,0.0,0,56,0,56,21.492791728738712,21-30% expenditure
SATNA,SATNA,संजय पाण्डेय,NACHANAURA,1712002050/IF/22012035615060,एक बगिया माँ के नाम हितग्राही श्रीमती गुड़िया साहू /मानिकलाल साहू (जॉबकार्ड न 003/28)ग्रामपंचायत नचनौ,Ongoing,163672,6525.0,31754.4,0.0,0,25,0,25,23.38787330759079,21-30% expenditure
SATNA,SATNA,शिवलाल भारती,NARAYANPUR,1712002046/IF/22012035620647,एक बगिया माँ के नाम हित दयावती कुशवाहा /रामसखा ग्राम पन नारायणपुर जॉबकार्ड 00 /161,Ongoing,269569,3127.0,5955.0,0.0,0,12,0,12,3.3690817564334177,1-4% expenditure
SATNA,SATNA,शिवलाल भारती,NARAYANPUR,1712002046/IF/22012035620658,एक बगिया माँ के नाम हित सपनाकुशवाहा /रामानन्द ग्राम मझियार पंचायत नारायणपुर जॉबकार्ड 00 /161,Ongoing,162464,4688.0,5800.0,0.0,0,18,0,18,6.455584006302935,5-10% expenditure
SATNA,SATNA,शिवलाल भारती,NARAYANPUR,1712002046/IF/22012035639695,एक बग़िया माँ के नाम हित नीलम कुशवाहा /राजकिशोर कुशवाहा ग्राम मझियार ग्रामपंचा नारायणपुर जॉब 03/232,Ongoing,162464,4688.0,5800.0,0.0,0,18,0,18,6.455584006302935,5-10% expenditure
SATNA,SATNA,संजय पाण्डेय,NAYAGOAN,1712002052/IF/22012035615079,एक बगिया माँ केनाम . श्रीमती गायत्री तिवारी/सूर्यभान तिवारी (जॉबकार्ड न 003/252 )ग्राम पं नयागांव,Ongoing,168487,5741.0,21750.0,0.0,0,22,0,22,16.316392362615513,11-20% expenditure
SATNA,SATNA,संजय पाण्डेय,NAYAGOAN,1712002052/IF/22012035658200,एक बगिया माँ के नाम जोगिया कोल /शिवदास कोल ग्रामपंचायत नयागांव जॉबकार्ड 003 /1000,Ongoing,163672,2349.0,0.0,0.0,0,9,0,9,1.4351874480668654,1-4% expenditure
SATNA,SATNA,व्‍ही0के0मिश्रा,POINDHAKALA,1712002060/IF/22012035610323,एक बगिया माॅ के नाम हितग्राही नवीन सिंह / अभयराज सिंह ग्राम पंचायत पोइंधाकला,Ongoing,162464,1303.0,0.0,0.0,0,5,0,5,0.8020238329722276,1-4% expenditure
SATNA,SATNA,व्‍ही0के0मिश्रा,POINDHAKALA,1712002060/IF/22012035616796,एक बगिया माॅ के नाम हितग्राही सीमा सिंह/ रावेन्‍द्र सिंह ग्राम पंचायत पोइंधाकला जाबकार्ड 002-91,Ongoing,168487,10704.45,16530.0,0.0,0,51,0,51,16.164125422139396,11-20% expenditure
SATNA,SATNA,व्‍ही0के0मिश्रा,POINDHAKALA,1712002060/IF/22012035616814,एक बगिया माॅ के नाम हितग्राही नूतन सिंह / मुकेस सिंह ग्राम पंचायत पोइंधाकला,Ongoing,263693,6124.25,0.0,0.0,0,44,0,44,2.3224924438646455,1-4% expenditure
SATNA,SATNA,व्‍ही0के0मिश्रा,POINDHAKALA,1712002060/IF/22012035616824,एक बगिया माॅ के नाम हितग्राही बंदना सिंह / राकेस सिंह ग्राम पंचायत पोइंधाकला,Ongoing,263693,20022.1,52927.0,0.0,0,98,0,98,27.66440519846943,21-30% expenditure
SATNA,SATNA,व्‍ही0के0मिश्रा,POINDHAKALA,1712002060/IF/22012035616840,एक बगिया माॅ के नाम हितग्राही उर्मिला सिंह / रणबीर सिंह ग्राम पंचायत पोइंधाकला,Ongoing,162464,1574.02,0.0,0.0,0,14,0,14,0.9688423281465433,1-4% expenditure
SATNA,SATNA,व्‍ही0के0मिश्रा,POINDHAKALA,1712002060/IF/22012035616856,एक बगिया माॅ के नाम हितग्राही रोशनी सिंह/ दिनेश सिंह ग्राम पंचायत पोइंधाकला,Ongoing,259940,3408.04,0.0,0.0,0,22,0,22,1.3110871739632224,1-4% expenditure
SATNA,SATNA,व्‍ही0के0मिश्रा,POINDHAKALA,1712002060/IF/22012035658849,एक बगिया माँ के नाम रामरती सिंह /जयमंगल सिंह ग्रामपंचायत पोइंधाकला जॉबकार्ड 02 /158,Ongoing,162464,4997.5,0.0,0.0,0,23,0,23,3.076066082332086,1-4% expenditure
SATNA,SATNA,संजय पाण्डेय,PURAWA,1712002016/IF/22012035258535,नंदनफलोउदयान चन्‍द्रप्रकाश मिश्रा / रामरूप मिश्रा,Ongoing,140410,29718.36,0.0,0.0,0,312,0,312,21.16541556869169,21-30% expenditure
SATNA,SATNA,आशुतोष वर्मा,RAGAULE,1712002059/IF/22012035644270,एक बग़िया माँ के नाम साधना सिंह/मुकेश सिंह ग्राम रगौली कोठार ग्रां प रगौली जॉबकार्ड न 003 /1302,Ongoing,163672,3644.04,0.0,0.0,0,14,0,14,2.2264284666894762,1-4% expenditure
SATNA,SATNA,आशुतोष वर्मा,RAMASTHAN,1712002072/IF/22012035608557,एक बगिया माॅ के नाम हितग्राही सुधा सिंह / अरूणेश सिंह ग्राम पंचायत रामस्‍थान,Ongoing,259940,10156.0,2900.0,0.0,0,39,0,39,5.022697545587444,5-10% expenditure
SATNA,SATNA,आशुतोष वर्मा,RAMASTHAN,1712002072/IF/22012035613563,एक बगिया मॉं के नाम हितग्राही अर्चना सिंह पति अतुल सिंह ग्राम पंचायत रामस्‍थान,Ongoing,163672,4939.0,2900.0,0.0,0,19,0,19,4.789456962705899,5-10% expenditure
SATNA,SATNA,आशुतोष वर्मा,RAMASTHAN,1712002072/IF/22012035614991,एक बगिया माॅ के नाम हितग्राही श्री मती सुनीता सिंह/भूपेंद सिंह ग्रा.पं रामस्थ MP-12-002-072-001/808,Ongoing,259940,3640.98,2900.0,0.0,0,14,0,14,2.516342232822959,1-4% expenditure
SATNA,SATNA,आशुतोष वर्मा,RAMASTHAN,1712002072/IF/22012035658049,एक बगिया माँ के नाम सत्यवती सिंह /जयराज सिंह ग्रामपंचायत रामस्थान जॉबकार्ड न 001 /776,Ongoing,163672,3120.98,10004.4,0.0,0,12,0,12,8.019319126056992,5-10% expenditure
SATNA,SATNA,धर्मेन्द्र कोरी,SEMRIKALA,1712002009/IF/22012035639684,एक बग़िया माँ के नाम हित ममता गौतम /सुनील गौतम ग्राम डेहुटा ग्रामपंचायत सेमरीकलां जॉबकार्ड 002 /242,Ongoing,163672,6786.06,21750.0,0.0,0,38,0,38,17.434906398162177,11-20% expenditure
SATNA,SATNA,व्हीके मिश्रा अति0,SIJAHATA,1712002080/IF/22012035616926,एक बगिया माॅ के नाम हितग्राही उषा केवट/ रामचरण केवट ग्राम पंचायत सिजहटा,Ongoing,259940,780.68,15950.0,0.0,0,3,0,3,6.436362237439409,5-10% expenditure
SATNA,SATNA,व्हीके मिश्रा अति0,SIJAHATA,1712002080/IF/22012035658798,एक बगिया माँ के नाम सुअनी साकेत /राजेश कुमार साकेत ग्राम पंचायत सिजहटा जॉबकार्ड न 003 /447,Ongoing,165549,440.81,0.0,0.0,0,2,0,2,0.2662716174667319,1-4% expenditure
SATNA,SATNA,व्हीके मिश्रा अति0,SIJAHATA,1712002080/IF/22012035658806,एक बगिया माँ के नाम प्रिया भारती /रंजीत कुमार साकेत ग्राम पंचायत सिजहटा जॉबकार्ड न 003 /446,Ongoing,168487,440.71,0.0,0.0,0,2,0,2,0.2615691418329011,1-4% expenditure
SATNA,SATNA,व्हीके मिश्रा अति0,SOHAULA,1712002041/IF/22012035615393,एक बगिया माॅ के नाम हितग्राही आरती देवी सिंगरहा / राजा भैया सिंगरहा ग्राम पंचायत सोहौला 1/803,Ongoing,163672,260.0,0.0,0.0,0,1,0,1,0.1588542939537612,1-4% expenditure
SATNA,SATNA,व्हीके मिश्रा अति0,SOHAULA,1712002041/IF/22012035655310,एक बगिया माँ के नाम अनीता शर्मा /अभिषेक शर्मा ग्रामपंचायत सोहौला जॉबकार्ड नंबर 001 /878,Ongoing,168487,260.97,0.0,0.0,0,1,0,1,0.1548902882714987,1-4% expenditure
SATNA,SATNA,व्हीके मिश्रा अति0,SOHAULA,1712002041/IF/22012035655315,एक बगिया माँ के नाम द्रौपती सिगरहा /हरिगोविंद सिगरहा ग्रामपंचायत सोहौला जॉबकार्ड नंबर 001 /864,Ongoing,165549,260.97,0.0,0.0,0,1,0,1,0.1576391279923165,1-4% expenditure
SATNA,SATNA,धर्मेन्द्र कोरी,UJARAUNDHA,1712002011/IF/22012035620637,एक बगिया माँ के नाम हित प्रियंका सिंह बघेल /अम्बुज सिंह ग्राम पन उजरौंधा जॉबकार्ड 003 /632,Ongoing,269569,5481.0,14500.0,0.0,0,22,0,22,7.412202441675415,5-10% expenditure
SATNA,UNCHAHARA,राकेश ताम्रकार,AALAMAPUR,1712004069/IF/YD/22012035660209,EK BAGIYA MAA KE NAAM SAVITRI,Ongoing,197240,2798.0,42910.0,0.0,0,12,0,12,23.173798418170758,21-30% expenditure
SATNA,UNCHAHARA,राज कुमार पाण्डेय अति 0,AKAHA,1712004028/IF/22012035658314,Ek Bagiya Maa Ke Naam Siya Bai Lodhi,Ongoing,170864,3915.0,33568.0,261.0,0,14,1,15,21.93733027437026,21-30% expenditure
SATNA,UNCHAHARA,राज कुमार पाण्डेय अति 0,AKAHA,1712004028/IF/22012035658315,Ek Bagiya Maa Ke Naam Rannu Bai Lodhi,Ongoing,167946,783.0,33568.0,261.0,0,2,1,3,20.4535981803675,21-30% expenditure
SATNA,UNCHAHARA,राज कुमार पाण्डेय अति 0,AKAHA,1712004028/IF/22012035658317,Ek Bagiya Maa Ke Naam Ram Bai Prajapati,Ongoing,167946,2349.0,33568.0,1827.0,0,2,7,9,21.386040751193836,21-30% expenditure
SATNA,UNCHAHARA,राज कुमार पाण्डेय अति 0,AKAHA,1712004028/IF/22012035658319,Ek Bagiya Maa Ke Naam Puniya Lodhi,Ongoing,167946,783.0,33568.0,261.0,0,2,1,3,20.4535981803675,21-30% expenditure
SATNA,UNCHAHARA,राज कुमार पाण्डेय अति 0,AKAHA,1712004028/IF/22012035659483,Ek Bagiya Maa Ke Naam Suman Devi Chaudhari,Ongoing,167946,2349.0,33568.0,261.0,0,8,1,9,21.386040751193836,21-30% expenditure
SATNA,UNCHAHARA,राज कुमार पाण्डेय अति 0,AKAHA,1712004028/IF/22012035659490,Ek Bagiya Maa Ke Naam Rekha Chaudhari,Ongoing,167946,3654.0,33568.0,1566.0,0,8,6,14,22.16307622688245,21-30% expenditure
SATNA,UNCHAHARA,राज कुमार पाण्डेय अति 0,AKAHA,1712004028/IF/22012035659494,Ek Bagiya Maa Ke Naam Dropati Bai Lodhi,Ongoing,167946,783.0,33568.0,261.0,0,2,1,3,20.4535981803675,21-30% expenditure
SATNA,UNCHAHARA,राज कुमार पाण्डेय अति 0,AKAHA,1712004028/IF/22012035660455,EK BAGIYA MAA KA NAM URMILA LODHI / RAM KESH,Ongoing,169027,522.0,33568.0,0.0,0,2,0,2,20.168375466641425,21-30% expenditure
SATNA,UNCHAHARA,राज कुमार पाण्डेय अति 0,AKAHA,1712004028/IF/22012035660457,EK BAGIYA MA KA NAM RADHA / PREM KUMAR SINGRAUL,Ongoing,169027,522.0,33568.0,0.0,0,2,0,2,20.168375466641425,21-30% expenditure
SATNA,UNCHAHARA,राकेश ताम्रकार अति0,ATARA,1712004010/IF/22012035652897,ek bagiya maa ke naam roshni kushwaha/ram vishwas MP170058599293,Ongoing,197240,1222.0,0.0,0.0,0,6,0,6,0.619549787061448,1-4% expenditure
SATNA,UNCHAHARA,राकेश ताम्रकार अति0,ATARA,1712004010/IF/22012035653781,ek bagiya maa ke naam seela singh/dhirendra singh MP170037544365,Ongoing,141482,1222.0,24940.0,0.0,0,6,0,6,18.49139819906419,11-20% expenditure
SATNA,UNCHAHARA,राकेश ताम्रकार अति0,ATARA,1712004010/IF/22012035653787,ek bagiya maa ke naam jyoti singh/jasvant singh MP170037544312,Ongoing,197445,1222.0,24940.0,0.0,0,6,0,6,13.250272227708981,11-20% expenditure
SATNA,UNCHAHARA,राकेश ताम्रकार अति0,ATARA,1712004010/IF/22012035654056,ek bagiya maa ke naam rampyari singh /onkar singh 170042977536,Ongoing,197240,1222.0,49880.0,0.0,0,6,0,6,25.90853782194281,21-30% expenditure
SATNA,UNCHAHARA,राज कुमार पाण्डेय,BAABOOPUR,1712004026/IF/22012035642404,एक बगीया मॉ के नाम राजकुमारी कुशवाहा पति रतनलाल कुशवाहा,Ongoing,169648,0.0,0.0,0.0,0,2,0,2,0.0,0% expenditure
SATNA,UNCHAHARA,राज कुमार पाण्डेय,BAABOOPUR,1712004026/IF/22012035657904,एक बगिया मा के नाम जयंतीबाई सिंह ग्राम पंचायत बाबूपुर,Ongoing,167946,261.0,33568.0,0.0,0,1,0,1,20.142783990092052,21-30% expenditure
SATNA,UNCHAHARA,राज कुमार पाण्डेय,BAABOOPUR,1712004026/IF/22012035657905,एक बगिया मा के नाम मुन्नी पाल ग्राम पंचायत बाबूपुर,Ongoing,167946,261.0,67136.0,0.0,0,1,0,1,40.13016088504639,>30% expenditure
SATNA,UNCHAHARA,राज कुमार पाण्डेय,BAD_AKHURA,1712004067/IF/22012035623509,एक बगिया माँ के नाम सुनीता पाठक पति रामलाल पाठक ग्राम पंचायत बड़खुरा,Ongoing,169351,1304.1,24420.1,0.0,0,5,0,5,15.189871922811202,11-20% expenditure
SATNA,UNCHAHARA,राज कुमार पाण्डेय,BAD_AKHURA,1712004067/IF/22012035623517,एक बगिया मां के नाम सारिका चतुर्वेदी पति राकेश चतुर्वेदी ग्राम पंचायत बड़खुरा,Ongoing,266760,1304.1,32949.0,0.0,0,5,0,5,12.840418353576247,11-20% expenditure
SATNA,UNCHAHARA,राज कुमार पाण्डेय अति 0,BHARAHATA,1712004045/IF/22012035658539,एक बगिया मॉ के नाम स्‍नेहलता शर्मा पति अनिल शर्मा 129475565,Ongoing,167946,1566.0,33568.0,0.0,0,6,0,6,20.919819465780666,21-30% expenditure
SATNA,UNCHAHARA,राज कुमार पाण्डेय अति 0,BIHATA,1712004001/IF/22012035612264,एक बगीया मॉ के नाम सत्‍यभामा सिंह पति सभाराज सिंह,Ongoing,169351,2869.4,24420.1,0.0,0,12,0,12,16.114165254412434,11-20% expenditure
SATNA,UNCHAHARA,राज कुमार पाण्डेय अति 0,BIHATA,1712004001/IF/22012035612441,Ek Bagiya maa ke naam Ranjana Singh /Sukhendra singh,Ongoing,169351,3389.4,24420.1,0.0,0,14,0,14,16.421219833363843,11-20% expenditure
SATNA,UNCHAHARA,राज कुमार पाण्डेय अति 0,BIHATA,1712004001/IF/22012035612495,Ek Bagiya maa ke naam Pooja Kori /Ajay Kumar Kori,Ongoing,169440,1303.7,24420.1,0.0,0,5,0,5,15.181657223796034,11-20% expenditure
SATNA,UNCHAHARA,राज कुमार पाण्डेय अति 0,BIHATA,1712004001/IF/22012035612249,एक बगीया मॉ के नाम अचर्ना सिंह पति रावेन्‍द्र सिंह,Ongoing,169351,781.4,0.0,0.0,0,3,0,3,0.46140855383198204,1-4% expenditure
SATNA,UNCHAHARA,राज कुमार पाण्डेय अति 0,BIHATA,1712004001/IF/22012035612386,Ek Bagiya maa ke naam neelam Singh /Shailendra singh,Ongoing,169351,2609.4,0.0,0.0,0,10,0,10,1.5408234967611647,1-4% expenditure
SATNA,UNCHAHARA,राज कुमार पाण्डेय अति 0,BIHATA,1712004001/IF/22012035657879,एक बगिया मा के नाम प्रभा सिंह/जीतेन्द्र सिंह ग्राम पंचायत बिहटा,Ongoing,167946,1305.0,33568.0,0.0,0,5,0,5,20.764412370642944,21-30% expenditure
SATNA,UNCHAHARA,राज कुमार पाण्डेय अति 0,BIHATA,1712004001/IF/22012035612471,Ek Bagiya maa ke naam Hemlata Singh /Nagendra singh,Ongoing,167946,2869.1,34253.4,0.0,0,12,0,12,22.103830993295464,21-30% expenditure
SATNA,UNCHAHARA,राज कुमार पाण्डेय अति 0,BIHATA,1712004001/IF/22012035658541,एक बगिया मॉ के नाम राजवती पति अश्‍वनी सिंह 151790689,Ongoing,167946,1827.0,0.0,0.0,0,7,0,7,1.08784966596406,1-4% expenditure
SATNA,UNCHAHARA,दीपक सिंह,BRHAREE,1712004016/IF/22012035658325,Ek Bagiya Maa Ke Name Gori Bai Dahiya / Dayaram Dahiya,Ongoing,162241,781.0,0.0,0.0,0,7,0,7,0.4813826344758724,1-4% expenditure
SATNA,UNCHAHARA,दीपक सिंह,BRHAREE,1712004016/IF/22012035658856,एक बगिया माँ के नाम गायत्री गर्ग / रावेन्द्र गर्ग ग्राम भर्री,Ongoing,158831,600.0,42910.0,0.0,0,6,0,6,27.39389665745352,21-30% expenditure
SATNA,UNCHAHARA,दीपक सिंह,BRHAREE,1712004016/IF/22012035658859,एक बगिया माँ के नाम रीतू तिवारी / सुधीर कुमार तिवारी ग्राम भर्री,Ongoing,163646,385.98,0.0,0.0,0,6,0,6,0.23586277696980065,1-4% expenditure
SATNA,UNCHAHARA,दीपक सिंह,BRHAREE,1712004016/IF/22012035659717,एक बगिया मॉ के नाम शांतीपाल पति रामकिशुन पाल,Ongoing,162241,406.0,42910.0,0.0,0,7,0,7,26.698553386628532,21-30% expenditure
SATNA,UNCHAHARA,दीपक सिंह,BRHAREE,1712004016/IF/22012035660415,Ek Bagiya Ma Ke Naam Dropati sen / jagendra Gram Panchayat bharri,Ongoing,158831,406.0,0.0,0.0,0,7,0,7,0.25561760613482254,1-4% expenditure
SATNA,UNCHAHARA,हरनाम  सिंह,DHANENH,1712004044/IF/22012035614670,एक बगिया मॉ के नाम कुशुमकली कुशवाहा पति महेश कुशवाहा ग्राम धनेह,Ongoing,268165,22962.44,46844.0,0.0,0,88,0,88,26.031152462103556,21-30% expenditure
SATNA,UNCHAHARA,हरनाम  सिंह,DHANENH,1712004044/IF/22012035614677,एक बगिया मॉ के नाम गिरजा देवी कुशवाहा पति रामलाल कुशवाहा ग्राम धनेह,Ongoing,167946,19831.14,34174.0,0.0,0,76,0,76,32.156252605003985,>30% expenditure
SATNA,UNCHAHARA,हरनाम  सिंह,DHANENH,1712004044/IF/22012035658354,एक बगिया मां के नाम गीता देवी कुश्वाहा/रोशन कुशवाहा ग्राम पंचायत धनेह,Ongoing,261930,12267.0,42910.0,0.0,0,48,0,48,21.0655518650021,21-30% expenditure
SATNA,UNCHAHARA,हरनाम  सिंह,DHANENH,1712004044/IF/22012035658355,एक बगिया मां के नाम सीता देवी कुशवाहा/अरविंद कुशवाहा ग्राम पंचायत धनेह,Ongoing,161705,12528.0,42910.0,0.0,0,48,0,48,34.2834173340342,>30% expenditure
SATNA,UNCHAHARA,हरनाम  सिंह,DHANENH,1712004044/IF/22012035619406,एक बगीया मॉ के नाम भगवनिया कुशवाहा पति विपिन कुमार कुशवाहा धनेह,Ongoing,269569,22963.14,46844.0,0.0,0,88,0,88,25.89583371975264,21-30% expenditure
SATNA,UNCHAHARA,राकेश ताम्रकार,GADHAUT,1712004058/IF/22012035611120,EK BAGIYA MA KE NAME PYARI BAI PATI DASRATH SINGH,Ongoing,167946,10442.27,37581.6,0.0,0,50,0,50,28.594828099508174,21-30% expenditure
SATNA,UNCHAHARA,राकेश ताम्रकार,GADHAUT,1712004058/IF/22012035611137,EK BAGIYA MA KE NAME KESHAR BAI PATI GOPAL SINGH,Ongoing,167946,9803.31,44345.0,0.0,0,44,0,44,32.24150024412609,>30% expenditure
SATNA,UNCHAHARA,राकेश ताम्रकार,GADHAUT,1712004058/IF/22012035658546,एक बगिया मॉ के नाम रामबाई सिंह पिता पूरन सिंह,Ongoing,169127,2662.02,42910.0,0.0,0,12,0,12,26.9454433650452,21-30% expenditure
SATNA,UNCHAHARA,राकेश ताम्रकार,GADHAUT,1712004058/IF/22012035658551,एक बगिया मॉ के नाम सुमितरानी पति रामलखन,Ongoing,169127,4633.01,42910.0,0.0,0,21,0,21,28.110833870405084,21-30% expenditure
SATNA,UNCHAHARA,राकेश ताम्रकार,GADHAUT,1712004058/IF/22012035658559,एक बगिया मॉ के नाम रेखाबाई एकता अजीविका 10736659,Ongoing,169127,2852.04,42910.0,0.0,0,13,0,13,27.05779680358547,21-30% expenditure
SATNA,UNCHAHARA,हरनाम  सिंह,GOVARAAVAKALA,1712004049/IF/22012035659620,एक बगिया मॉ के नाम सत्‍यभामा पति जयप्रकाश गोवराकला,Ongoing,266760,783.0,42910.0,0.0,0,3,0,3,16.379142300194932,11-20% expenditure
SATNA,UNCHAHARA,हरनाम  सिंह,GOVARAAVAKALA,1712004049/IF/22012035658532,एक बगिया मॉ के नाम बबिता पति सुरेन्‍द्र,Ongoing,259940,1827.0,42850.0,0.0,0,7,0,7,17.187427867969532,11-20% expenditure
SATNA,UNCHAHARA,हरनाम  सिंह,GOVARAAVAKALA,1712004049/IF/22012035658536,एक बगिया मॉ के नाम प्रभादेवी पति विनोद,Ongoing,260913,1827.0,42850.0,0.0,0,7,0,7,17.12333229850563,11-20% expenditure
SATNA,UNCHAHARA,हरनाम  सिंह,GOVARAAVAKALA,1712004049/IF/22012035659438,एक बगिया मॉ के नाम यशोदा कुशवाहा पति हरिश गोवरावकला,Ongoing,173531,1827.0,42910.0,0.0,0,7,0,7,25.78040811151898,21-30% expenditure
SATNA,UNCHAHARA,दीपक सिंह,GUDHUVA,1712004031/IF/22012035657859,एक बगिया मा के नाम गुडिया देवी/नारेन्द्र सिंह ग्राम पंचायत गुढुंवा,Ongoing,167295,304.0,0.0,0.0,0,3,0,3,0.18171493469619535,1-4% expenditure
SATNA,UNCHAHARA,दीपक सिंह,GUDHUVA,1712004031/IF/22012035657874,एक बगिया मा के नाम सीमा सिंह ग्राम गुढुवा,Ongoing,169185,462.0,0.0,0.0,0,3,0,3,0.2730738540650767,1-4% expenditure
SATNA,UNCHAHARA,राज कुमार पाण्डेय,ICHAUL,1712004051/IF/22012035621343,EK BAGIYA MAA KE NAM SAROJ PATEL,Ongoing,266760,6524.4,46844.0,0.0,0,25,0,25,20.00614784825311,21-30% expenditure
SATNA,UNCHAHARA,राज कुमार पाण्डेय,ICHAUL,1712004051/IF/22012035621448,EK BAGIYA MAA KE NAM VANDANA SINGH PATEL,Ongoing,167946,3945.0,0.0,0.0,0,30,0,30,2.3489693115644315,1-4% expenditure
SATNA,UNCHAHARA,दीपक सिंह,JIGANAHAT,1712004015/IF/22012035657877,एक बगिया मा के नाम ज्योत्सना शर्मा/हरिश्चन्द्र शर्मा ग्राम पंचायत जिगनहट,Ongoing,168699,221.0,0.0,0.0,0,2,0,2,0.13100255484620538,1-4% expenditure
SATNA,UNCHAHARA,दीपक सिंह,JIGANAHAT,1712004015/IF/22012035657878,EK Bagiya Maa Ke Name Abhilasha Chaturvedi / Umesh Chaturvedi,Ongoing,167295,219.0,0.0,0.0,0,2,0,2,0.130906482560746,1-4% expenditure
SATNA,UNCHAHARA,दीपक सिंह,JIGANAHAT,1712004015/IF/22012035660400,Ek Bagiya Ma Ke Naame Hitgrahi Sudha Singh /Arun singh Gram jignahat,Ongoing,162809,106.0,0.0,0.0,0,1,0,1,0.06510696583112727,1-4% expenditure
SATNA,UNCHAHARA,राज कुमार पाण्डेय अति 0,KHOOJHA,1712004040/IF/22012035660451,Ek Bagiya Ma Ke Naame Hitgrahi Premwati singh Gram palhanpur Gram Panchayat khuja,Ongoing,276390,0.0,0.0,0.0,0,7,0,7,0.0,0% expenditure
SATNA,UNCHAHARA,राज कुमार पाण्डेय अति 0,KHOOJHA,1712004040/IF/22012035658362,EK BAGYA MA KE NAME RAMPYARI SINGRAUL W/O RAJENDRA SINGRAUL GRAM PALHANPUR GRAMPANCHAYAT KHUJHA,Ongoing,167946,2349.0,33568.0,261.0,0,8,1,9,21.386040751193836,21-30% expenditure
SATNA,UNCHAHARA,राज कुमार पाण्डेय अति 0,KHOOJHA,1712004040/IF/22012035619766,EK BAGYA MA KE NAME SHANTI BAI W/O RAMKHELAWAN KUSHWAHA GRAM KHUJHA GRAMPANCHAYAT KHUJHA,Ongoing,259940,0.0,0.0,0.0,0,12,0,12,0.0,0% expenditure
SATNA,UNCHAHARA,राकेश ताम्रकार,KORABARA,1712004052/IF/22012035614831,Ek BAGIYA MAA KE NAAM BENEFICIARY ANJUM BEE W/O SHEKH MAHMOOD KORWARA GP KORWARA,Ongoing,167946,9538.74,24939.0,0.0,0,46,0,46,20.5290629130792,21-30% expenditure
SATNA,UNCHAHARA,राकेश ताम्रकार,KORABARA,1712004052/IF/22012035617132,EK BAGIYA MAA KE NAAM RAFIKUN BEE W/O ABDUL HAMEED GP KORWARA,Ongoing,167946,7566.7,24939.0,0.0,0,36,0,36,19.3548521548593,11-20% expenditure
SATNA,UNCHAHARA,राकेश ताम्रकार अति0,KULAGADHEE,1712004006/IF/22012035658067,"Ek Bagiya Maa Ke Naam Tarannum Nisha/ Anish ,Gram Kulgarhi",Ongoing,197240,4765.02,42850.0,217.0,0,20,1,21,24.140650983573313,21-30% expenditure
SATNA,UNCHAHARA,दीपक सिंह,LOHARAURA,1712004021/IF/22012035623515,"एक बगिया माँ के नाम- हितग्राही मुन्नी बाई पति विश्वनाथ दाहिया, ग्राम पंचायत-लोहरौरा",Ongoing,266760,20988.16,34253.4,0.0,0,87,0,87,20.70833708202129,21-30% expenditure
SATNA,UNCHAHARA,राज कुमार पाण्डेय,NARAHATHEE,1712004042/IF/22012035618669,Ek Bagiya maa ke naam Suchitra Singh,Ongoing,266760,1337.38,66517.0,0.0,0,11,0,11,25.436489728594992,21-30% expenditure
SATNA,UNCHAHARA,राकेश ताम्रकार,PARASAMANIYA,1712004063/IF/22012035610782,Ek Bagiya Ma ke Nam Raja Bai Pandey Parasmaniya,Ongoing,259940,20075.13,46844.0,0.0,0,114,0,114,25.74406786181427,21-30% expenditure
SATNA,UNCHAHARA,दीपक सिंह,PATAURA,1712004014/IF/22012035614774,EK Bagiya Maa Ke Name Sadhana Singh / Santosh Singh,Ongoing,167557,7063.32,0.0,0.0,0,28,0,28,4.215472943535632,5-10% expenditure
SATNA,UNCHAHARA,दीपक सिंह,PATAURA,1712004014/IF/22012035617384,EK Bagiya Maa Ke Name Suneeta Kushwaha / Suraj kushwaha,Ongoing,266760,10620.44,34253.4,0.0,0,41,0,41,16.82180236917079,11-20% expenditure
SATNA,UNCHAHARA,दीपक सिंह,PATAURA,1712004014/IF/22012035617414,EK Bagiya Maa Ke Name Geeta Dwivedi / Devraj Dwivedi,Ongoing,167946,781.4,0.0,0.0,0,3,0,3,0.4652685982399104,1-4% expenditure
SATNA,UNCHAHARA,दीपक सिंह,PATAURA,1712004014/IF/22012035617442,EK Bagiya Maa Ke Name Sadhna Tiwari / Garun Kumar Tiwari,Ongoing,167946,520.7,0.0,0.0,0,2,0,2,0.3100401319471735,1-4% expenditure
SATNA,UNCHAHARA,दीपक सिंह,PATAURA,1712004014/IF/22012035617452,EK Bagiya Maa Ke Name Asha Tiwari / Raju Prasad tiwari,Ongoing,167946,781.4,0.0,0.0,0,3,0,3,0.4652685982399104,1-4% expenditure
SATNA,UNCHAHARA,दीपक सिंह,PATAURA,1712004014/IF/22012035617431,EK Bagiya Maa Ke Name Savita Dwivedi / Ravendra Dwivedi,Ongoing,168433,521.4,0.0,0.0,0,2,0,2,0.3095592906378204,1-4% expenditure
SATNA,UNCHAHARA,दीपक सिंह,PATAURA,1712004014/IF/22012035629109,EK Bagiya Maa Ke Name Rekha Pandey / Om Narayan Pandey,Ongoing,168890,315.0,32189.0,0.0,0,2,0,2,19.2456628574812,11-20% expenditure
SATNA,UNCHAHARA,दीपक सिंह,PATAURA,1712004014/IF/22012035629114,EK Bagiya Maa Ke Name Komal Tripathi / Arunendra Tripathi,Ongoing,165801,492.0,0.0,0.0,0,2,0,2,0.29674127417808094,1-4% expenditure
SATNA,UNCHAHARA,राकेश ताम्रकार अति0,PATHARAUDHA,1712004003/IF/22012035619492,ak bagiya man ke nam shashi suryavanshi pathraundha,Ongoing,266760,17822.22,24939.0,0.0,0,82,0,82,16.029847053531267,11-20% expenditure
SATNA,UNCHAHARA,दीपक सिंह,PIPAROKHAR,1712004017/IF/22012035658092,एक बगिया मां के नाम ममता देवी ढीमर/शीतेन्द्र ग्राम तुर्री ग्राम पंचा पिपरोखर,Ongoing,266760,100.0,42910.0,0.0,0,1,0,1,16.1231069125806,11-20% expenditure
SATNA,UNCHAHARA,दीपक सिंह,PITHAURAABAAD,1712004020/IF/22012035658525,एक बगिया मॉ के नाम मीना सिंह पति रामकलेश सिंह 170023297851,Ongoing,163646,100.0,30408.0,0.0,0,1,0,1,18.642679931070727,11-20% expenditure
SATNA,UNCHAHARA,राज कुमार पाण्डेय अति 0,PODEEGARADA,1712004055/IF/22012035606796,Ek Bagiya Ma ke name Leela Vati Singh MP15285,Ongoing,269569,782.7,77294.0,0.0,0,3,0,3,28.96353067303733,21-30% expenditure
SATNA,UNCHAHARA,राज कुमार पाण्डेय अति 0,PODEEGARADA,1712004055/IF/22012035606664,Ek Bagiya Ma ke name Sushila Singh MP41970,Ongoing,184726,782.7,0.0,0.0,0,3,0,3,0.42370862791377506,1-4% expenditure
SATNA,UNCHAHARA,हरनाम  सिंह,PONDEE,1712004060/IF/22012035660431,Ek Bagiya Ma Ke Naame Hitgrah Dropathi Gram podi shg 117928425,Ongoing,259940,1566.0,42910.0,0.0,0,6,0,6,17.110102331307225,11-20% expenditure
SATNA,UNCHAHARA,हरनाम  सिंह,PONDEE,1712004060/IF/22012035660440,Ek Bagiya Ma Ke Naame Hitgrahi DHOKKAN SHG 124396897 Gram PODI,Ongoing,169276,1566.0,0.0,0.0,0,6,0,6,0.9251163779862472,1-4% expenditure
SATNA,UNCHAHARA,हरनाम  सिंह,PONDEE,1712004060/IF/22012035657744,EK BAGIYA MAA KE NAAM KUSUMKALI W/O RAMESH KUSHWAHA PONDI,Ongoing,252079,1566.0,42910.0,0.0,0,6,0,6,17.64367519706124,11-20% expenditure
SATNA,UNCHAHARA,हरनाम  सिंह,PONDEE,1712004060/IF/22012035657963,एक बगिया मां के नाम निर्मला पाण्डेय ग्राम पंचायत पोडी,Ongoing,256741,1566.0,42910.0,0.0,0,6,0,6,17.323294682189445,11-20% expenditure
SATNA,UNCHAHARA,राकेश ताम्रकार,RAGALA,1712004046/IF/22012035622691,Ek Bagiya Maa Ke Naam Mahesh Singh/udhav MP12004046003/437,Ongoing,167946,635.4,0.0,0.0,0,3,0,3,0.37833589368011145,1-4% expenditure
SATNA,UNCHAHARA,राकेश ताम्रकार,RAMAPURAPATHA,1712004059/IF/22012035610443,EK BAGIYA MA KE NAME RAMKALI SINGH PATI SANTOSH SINGH,Ongoing,259940,33805.42,49401.0,0.0,0,167,0,167,32.00985612064323,>30% expenditure
SATNA,UNCHAHARA,राकेश ताम्रकार,RAMAPURAPATHA,1712004059/IF/22012035657784,EK BAGIYA MAA KE NAME BETI BAI PATI MOHAN SINGH,Ongoing,197240,911.99,42910.0,0.0,0,4,0,4,22.217597850334617,21-30% expenditure
SATNA,UNCHAHARA,राकेश ताम्रकार,RAMAPURAPATHA,1712004059/IF/22012035657791,EK BAGIYA MAA KE NAMEGIRJA BAI PATI RAM SINGH,Ongoing,197240,857.99,42850.0,0.0,0,4,0,4,22.159800243358344,21-30% expenditure
SATNA,UNCHAHARA,राकेश ताम्रकार,RAMAPURAPATHA,1712004059/IF/22012035657762,EK BAGIYA MAA KE NAME CHANDA BAI PATI HARIOM SINGH,Ongoing,197240,1700.02,42910.0,0.0,0,8,0,8,22.61712634354086,21-30% expenditure
SATNA,UNCHAHARA,राकेश ताम्रकार,RAMAPURAPATHA,1712004059/IF/22012035659033,EK BAGIYA MA KE NAME MAMTA BAI PATI GHUNEE SINGH,Ongoing,196751,1733.0,42910.0,0.0,0,7,0,7,22.690100685638193,21-30% expenditure
SATNA,UNCHAHARA,राकेश ताम्रकार अति0,SHYAAMANAGAR,1712004004/IF/22012035660447,Ek Bagiya Ma Ke Naam Hitgrahi LALITA KUSHWAHA / SAMARJEET Gram SHYAM NAGAR,Ongoing,197240,1814.98,42910.0,0.0,0,8,0,8,22.675410667207466,21-30% expenditure
SATNA,UNCHAHARA,राकेश ताम्रकार अति0,SHYAAMANAGAR,1712004004/IF/22012035658207,Ek Bagiya ma ke naam Raja Bai/ Bhupat lal gp shyamnagar,Ongoing,197240,1574.98,42910.0,0.0,0,7,0,7,22.55373149462584,21-30% expenditure
SATNA,UNCHAHARA,राकेश ताम्रकार अति0,SHYAAMANAGAR,1712004004/IF/22012035658689,ek bagiya maa ke nam kiran kushwaha/dashrath shyamnager,Ongoing,197258,1184.0,42910.0,0.0,0,7,0,7,22.353466019122166,21-30% expenditure
SATNA,UNCHAHARA,राकेश ताम्रकार अति0,SHYAAMANAGAR,1712004004/IF/22012035658854,EK BAGIYA MA KE NAME FULAN DEVI PATI RAJENDRA PRASHAD,Ongoing,192800,1439.97,42910.0,0.0,0,7,0,7,23.003096473029046,21-30% expenditure
SATNA,UNCHAHARA,राकेश ताम्रकार अति0,SHYAAMANAGAR,1712004004/IF/22012035658682,ek bagiya maa ke nam mamta dahiya /dinesh shyamnager,Ongoing,98997,1494.01,42910.0,0.0,0,7,0,7,44.85389456246149,>30% expenditure
SATNA,UNCHAHARA,हरनाम  सिंह,TIGHARAPATHA,1712004065/IF/22012035649117,एक बगिया मा के नाम माया कोल/ रामकेश कोल तिघरा,Ongoing,172161,5220.0,42910.0,0.0,0,20,0,20,27.956389658517317,21-30% expenditure
SATNA,UNCHAHARA,हरनाम  सिंह,TIGHARAPATHA,1712004065/IF/22012035611499,एक बगिया मा के नाम जगरानी कोल/नंन्दीलाल कोल,Ongoing,167946,20870.54,34253.4,0.0,0,82,0,82,32.8224191109047,>30% expenditure
SATNA,UNCHAHARA,हरनाम  सिंह,TIGHARAPATHA,1712004065/IF/22012035611590,एक बगिया मा के नाम चंदा कोल/रामकिशुन कोल ग्राम तिघरा,Ongoing,167946,17213.14,34253.4,0.0,0,68,0,68,30.6446953187334,>30% expenditure
SATNA,UNCHAHARA,हरनाम  सिंह,TIGHARAPATHA,1712004065/IF/22012035611646,एक बगिया मा के नाम ममता कोल/रामू कोल,Ongoing,167946,1302.1,0.0,0.0,0,6,0,6,0.7753087301870839,1-4% expenditure
SATNA,UNCHAHARA,हरनाम  सिंह,TIGHARAPATHA,1712004065/IF/22012035625604,एक बगिया मां के नाम लक्ष्मी बाई कोल/राम किशोर कोल ग्राम तिघरा,Ongoing,168035,0.0,0.0,0.0,0,0,0,0,0.0,0% expenditure
SATNA,UNCHAHARA,हरनाम  सिंह,TIGHARAPATHA,1712004065/IF/22012035616861,एक बगिया मा के नाम प्रिगला कोल/राम सजीवन कोल,Ongoing,167946,1041.4,0.0,0.0,0,4,0,4,0.620080263894347,1-4% expenditure
SATNA,UNCHAHARA,राकेश ताम्रकार,TUSHAGAVA,1712004068/IF/22012035658816,EK BAGIYA MAA KA NAM BHAWNA PAKHAK 168042603,Ongoing,169127,1461.02,0.0,0.0,0,7,0,7,0.8638597030633783,1-4% expenditure
